net,length_um
clknet_0_clk,855.84
_07269_,689.99
_07265_,676.84
_07274_,672.12
net28,670.1
_07267_,639.68
net12,609.56
_07249_,597.94
net29,597.86
net31,563.16
_07275_,547.315
net3,510.78
_07262_,505.63
_07259_,500.375
_07272_,493.59
_07250_,480.25
net4,479.62
net23,465.37
net9,464.16
_01070_,463.5
_07257_,458.57
_07280_,455.415
_07253_,446.735
_07261_,443.82
_01546_,440.18
_02603_,431.76
_01106_,427.51
_01909_,426.86
_01387_,425.23
clk,422.53
net13,417.49
_01485_,416.62
_07282_,416.3
clknet_3_6__leaf_clk,414.845
_01069_,410.42
_01659_,409.19
_01104_,404.35
_01606_,397.69
_07268_,395.11
_01693_,394.62
net37,383.2
_00893_,376.405
_01914_,367.2
net33,367.06
net43,365.15
clknet_3_7__leaf_clk,358.17
_07264_,354.62
clknet_3_3__leaf_clk,348.765
net2,347.61
_07287_,342.01
_00841_,339.36
net36,336.73
net39,336.49
_01121_,336.12
net38,336.04
_00945_,334.805
_01441_,333.52
_01763_,331.015
net6,329.16
net15,326.06
_07258_,323.32
net35,321.22
_01066_,321.04
_01893_,318.02
_02635_,316.92
clknet_3_5__leaf_clk,315.01
net10,311.84
_01895_,311.02
_07288_,309.33
_01063_,309.245
_02509_,309.08
_00946_,303.12
acc\[14\]\[28\],299.785
_07266_,299.67
net16,299.28
_07271_,295.29
_07254_,295
_01147_,291.21
_01077_,289.64
_00931_,289.46
net1,287.18
_01027_,286.58
_07251_,286.48
_01327_,286.03
_07263_,285.75
_01061_,284.12
_01901_,283.625
_04705_,281.32
_07270_,280.99
_01065_,280.255
_07285_,280.015
_01088_,279.25
_01227_,277.96
clknet_3_0__leaf_clk,276.22
_07260_,274.5
_02527_,272.98
clknet_3_2__leaf_clk,269.74
net44,268.5
_00340_,268.495
clknet_3_4__leaf_clk,267.38
_00000_,262.605
_07273_,262.6
_01073_,261.33
_07256_,257.84
_00839_,254.88
net40,249.34
_00700_,244.07
net5,243.83
clknet_3_1__leaf_clk,242.78
_01649_,241.6
_01026_,241.26
_01274_,239.88
_07277_,238.775
_00929_,235.64
_01702_,233.95
_07283_,233.84
_00849_,233.24
net19,231.14
_01797_,231.08
_01808_,230.51
_07276_,229.76
_01326_,225.7
_01700_,225.665
_01478_,224.48
_00836_,223.18
_01275_,222.33
_00323_,222.04
_00894_,221.235
_01123_,220.36
_07255_,219.635
_00911_,218.62
_01011_,215.42
_07279_,214.5
net11,213.82
net7,212.14
_01432_,211.52
_02271_,210.36
_01477_,207.68
_01539_,207.47
_01276_,207.39
net24,206.54
_07278_,201.46
net26,201.08
_00322_,200.25
_07252_,199.5
_00837_,198.94
_06420_,196.6
_06435_,196.45
_00862_,194.515
_01378_,193.76
net34,190.98
_06450_,190.92
_05408_,188.18
_00876_,187.74
net45,187.24
_02278_,186.26
_01433_,185.72
_06465_,185.4
_01043_,184.66
acc\[9\]\[19\],184.26
_01217_,183.34
_02262_,182.38
_06799_,182.01
_00448_,181.95
_06486_,181.54
_04019_,180.9
_07286_,178.8
_07284_,178.72
net42,178.26
_01650_,178.135
_01809_,177.77
_05957_,175.535
_01064_,175.18
_02561_,174.17
_00057_,173.38
_02857_,172.94
_07281_,172.465
_00031_,171.64
_03096_,171.48
_04708_,169.86
_00032_,169.08
_00851_,168.98
_01215_,168.12
_02588_,166.58
_06403_,166.56
_06463_,166.5
_06583_,166.1
_00056_,165.58
_01652_,164.5
_00943_,164.265
_04673_,164.2
_02546_,163.78
_01060_,162.04
_02587_,161.04
acc\[9\]\[16\],160.15
_01216_,157.68
_02215_,157.44
_00002_,157.32
_01062_,156.52
_01148_,156.4
_02126_,156.32
_01377_,155.74
acc\[14\]\[30\],155.06
net82,155.04
acc\[9\]\[14\],154.46
_02232_,153.62
_01091_,148.8
_00197_,148.58
acc\[9\]\[18\],148.29
_02199_,148.13
clknet_leaf_0_clk,146.99
acc\[9\]\[15\],146.96
acc\[9\]\[17\],146.62
net32,146.48
_04946_,142.88
clknet_leaf_32_clk,142.68
acc\[3\]\[20\],142.36
_00315_,142.26
_02234_,141.9
_06578_,141.88
_06930_,139.21
_01178_,138.5
_01052_,138.24
_01892_,137.97
_01179_,137.16
_02928_,134.86
_02027_,133.79
_05982_,133.6
_00205_,132.96
_06390_,132.14
_00034_,131.86
_00910_,131.26
_01103_,131
_01435_,130.36
_04707_,130.36
_03155_,130.16
_01538_,130
_03649_,126.3
_00313_,125.6
_04635_,125.2
net8,124.9
_01008_,124.56
_00995_,124.45
_07004_,124.115
net25,123.94
_01328_,123.64
_00342_,123.22
_00968_,122.82
_06517_,122.6
_01059_,121.46
_01180_,121.31
clknet_leaf_51_clk,121.12
_03186_,120.67
_00962_,120.54
_04144_,120.54
_00976_,120.18
clknet_leaf_21_clk,120.12
clknet_leaf_68_clk,118.66
_06540_,118.34
_03844_,117.76
_00321_,117.65
_00341_,117.16
_00977_,115.58
_00970_,115.39
net21,115.36
clknet_leaf_40_clk,114.88
net27,114.8
_02059_,114.44
_05132_,112.24
_04828_,111.42
clknet_leaf_3_clk,110.96
_00982_,110.68
_01894_,110.42
_01025_,110.08
_02236_,109.34
clknet_leaf_7_clk,109.02
_01085_,107.86
_01597_,107.74
clknet_leaf_35_clk,107.72
_02246_,107.64
_06973_,107.04
_00935_,106.78
_02484_,106.56
_06557_,106.44
clknet_leaf_29_clk,106.26
clknet_leaf_17_clk,106.22
_03379_,105.84
_06499_,105.82
_02690_,105.64
_00928_,105.6
_04760_,105.51
net30,104.84
_02130_,104.71
_00984_,104.04
_01045_,104
_05017_,103.535
net41,103.32
clknet_leaf_6_clk,103.12
_00001_,102.7
_04195_,102.52
_00950_,102.32
_01879_,102.3
_03987_,102.2
acc\[9\]\[20\],101.9
_01860_,101.78
_01749_,101.72
_05239_,101.62
clknet_leaf_24_clk,100.74
_02274_,100.32
_01598_,99.76
_01379_,98.54
clknet_leaf_19_clk,98.38
net18,98.16
_06518_,97.82
_01599_,96.78
_02094_,96.68
acc\[9\]\[23\],96.5
_06500_,96.44
_00875_,96.4
_01156_,96.4
_00878_,96.26
_05928_,96.18
_00952_,96.04
net20,95.9
_01268_,95.3
acc\[9\]\[22\],94.94
clknet_leaf_56_clk,94.82
_00892_,94.68
_05196_,94.06
net22,93.9
_01651_,93.82
_07221_,93.44
_00840_,93.185
acc\[14\]\[7\],92.18
_01260_,91.54
_03658_,91.49
_03604_,91.44
clknet_leaf_47_clk,91.24
_05197_,90.88
clknet_leaf_41_clk,90.88
clknet_leaf_9_clk,90.86
clknet_leaf_13_clk,90.77
_02621_,90.3
_01175_,90.18
acc\[4\]\[21\],90
_03103_,89.78
_04618_,89.64
_05652_,89.635
_07145_,89.6
_00195_,89.56
_01149_,89.4
_01701_,89.38
clknet_leaf_34_clk,89.28
clknet_leaf_62_clk,89.24
_02905_,89.22
clknet_leaf_10_clk,89.12
_05183_,89.02
_04149_,88.88
clknet_leaf_14_clk,88.77
_05022_,88.735
_01540_,88.64
clknet_leaf_8_clk,87.78
_05679_,87.32
clknet_leaf_65_clk,87.26
clknet_leaf_28_clk,87.2
net78,86.8
_06981_,86.56
_05835_,85.88
_00925_,85.1
_01479_,84.835
_03085_,84.75
_00055_,84.65
_03828_,84.42
_02448_,84.28
_02347_,83.92
_04018_,83.32
_03198_,83.3
_00329_,83.26
_01874_,83.18
clknet_leaf_4_clk,83.12
clknet_leaf_20_clk,83.1
clknet_leaf_27_clk,82.72
_06417_,82.5
_02614_,82.06
_00963_,81.89
clknet_leaf_33_clk,81.15
acc\[9\]\[21\],81
_01981_,80.6
_06058_,80.54
_06059_,80.48
_03197_,80.2
_02765_,79.22
_06176_,79.2
_04902_,78.76
_02003_,78.48
_02640_,78.4
_03600_,78.34
_04133_,78.14
_05725_,77.29
clknet_leaf_58_clk,77.24
_02615_,77.22
clknet_leaf_23_clk,77.1
_01464_,76.94
clknet_leaf_18_clk,76.78
_02202_,76.62
_01157_,76.22
clknet_leaf_48_clk,76.12
acc\[4\]\[22\],75.24
clknet_leaf_43_clk,75.24
_04368_,75.16
_05856_,75.02
_02681_,74.98
_01520_,74.62
_06326_,74.6
_03005_,74.275
clknet_leaf_2_clk,73.86
_04636_,73.72
_06716_,73.62
_00971_,73.6
_00054_,73.52
acc\[4\]\[23\],73.46
_06252_,73.26
_01282_,73.18
_05900_,72.96
acc\[4\]\[11\],72.84
_06489_,72.46
_06426_,72.26
_04398_,71.52
_02830_,71.5
_00937_,70.94
_03174_,70.78
clknet_leaf_31_clk,70.54
_00842_,70.32
_05954_,70.28
clknet_leaf_67_clk,70.1
_05878_,69.98
_04207_,69.54
_02161_,69.33
_04009_,69.14
_02677_,68.62
_06543_,68.62
_04573_,68.27
_02039_,68.02
_06072_,67.98
clknet_leaf_64_clk,67.86
_05681_,67.74
acc\[10\]\[26\],67.455
_06660_,67.3
clknet_leaf_54_clk,67.24
clknet_leaf_25_clk,66.9
_03816_,66.82
clknet_leaf_44_clk,66.46
_06551_,66.4
clknet_leaf_5_clk,66.32
_05757_,66.14
_01201_,66.08
_02650_,65.8
_04742_,65.76
_01001_,65.64
_06505_,65.64
_01206_,65.56
_04448_,65.4
_01271_,65.24
_02627_,65.18
_04035_,65.06
clknet_leaf_39_clk,65.06
_05793_,65
clknet_leaf_45_clk,64.84
_00998_,64.58
_02396_,64.56
_04632_,64.42
_05850_,64.36
clknet_leaf_26_clk,64.16
clknet_leaf_37_clk,64.08
_01406_,63.68
_07079_,63.66
_05063_,63.32
_04153_,62.98
_02839_,62.7
_02061_,62.66
clknet_leaf_49_clk,62.66
clknet_leaf_59_clk,62.66
_01170_,62.56
acc\[10\]\[28\],62.26
_04427_,62.02
clknet_leaf_46_clk,62.02
_05938_,61.76
_03768_,61.71
_01196_,61.66
_04198_,61.52
_04982_,61.46
acc\[8\]\[28\],61.44
_03431_,61.38
clknet_leaf_36_clk,61.28
_02502_,61.26
_04984_,61.24
clknet_leaf_22_clk,61.24
_03945_,61.16
acc\[0\]\[16\],61.1
_04484_,60.78
_05120_,60.4
clknet_leaf_38_clk,60.1
_06504_,60
acc\[10\]\[24\],59.92
_06561_,59.905
_03009_,59.9
_02740_,59.62
_04491_,59.58
_05949_,59.36
_06837_,59.06
_05147_,58.76
acc\[3\]\[24\],58.74
_03169_,58.24
_01442_,57.66
_06409_,57.52
_05646_,57.48
_02028_,57.36
_02426_,57.34
_06522_,57.32
_06542_,57.32
_01003_,57.28
_01660_,56.98
_01228_,56.89
_04453_,56.88
clknet_leaf_53_clk,56.75
_02042_,56.635
_01028_,56.58
_02648_,56.56
_07076_,56.48
_02726_,56.455
_02443_,56.36
clknet_leaf_52_clk,56.35
_02468_,56.02
_05916_,56
_05800_,55.88
_05570_,55.7
_01729_,55.64
clknet_leaf_30_clk,55.64
_04288_,55.62
_03712_,55.1
_01838_,54.995
_01727_,54.88
_02783_,54.83
_00175_,54.82
_04815_,54.82
_02951_,54.76
_02816_,54.62
_06558_,54.62
_03202_,54.5
_00882_,54.47
_01114_,54.36
_05619_,54.275
_02483_,54.1
_02573_,53.84
_01031_,53.82
clknet_leaf_12_clk,53.8
_02160_,53.76
_06521_,53.655
acc\[7\]\[15\],53.44
_04196_,53.42
clknet_leaf_55_clk,53.38
_01734_,53.295
_04219_,53.2
_03067_,53.1
_02196_,53.08
_02917_,52.98
acc\[8\]\[27\],52.94
_01102_,52.66
_01357_,52.475
_05756_,52.42
_01725_,52.38
_01229_,52.28
_01125_,52.26
_02672_,52.09
_05879_,51.98
_04512_,51.94
acc\[7\]\[23\],51.86
_05609_,51.79
acc\[8\]\[17\],51.72
acc\[10\]\[27\],51.615
_06700_,51.56
_03107_,51.54
acc\[11\]\[4\],51.5
_02233_,51.48
_04033_,51.38
_02943_,51.16
_04457_,51.14
_02073_,51.06
_03306_,51.06
clknet_leaf_1_clk,51.02
_03992_,50.995
acc\[2\]\[12\],50.96
_01136_,50.66
_04592_,50.5
_04426_,50.46
_02600_,50.42
_07058_,50.34
_04337_,50.28
_01413_,50.26
_04396_,50.2
_02864_,50
_03625_,49.86
_01945_,49.84
_01506_,49.76
_01900_,49.74
acc\[6\]\[27\],49.62
_02850_,49.48
_03149_,49.44
acc\[5\]\[23\],49.3
_03212_,49.2
_07131_,49.2
_04291_,49.18
_02922_,49.13
_05391_,49.09
_04106_,49.08
clknet_leaf_16_clk,49.06
_03022_,49.02
_03046_,48.99
_05545_,48.9
_05608_,48.78
_02543_,48.76
_00861_,48.74
acc\[11\]\[12\],48.74
_01209_,48.68
_02020_,48.38
_06740_,48.35
_06251_,48.04
_00099_,47.98
acc\[10\]\[23\],47.84
_06560_,47.82
_00159_,47.74
_03968_,47.72
_01961_,47.66
_04963_,47.64
_01295_,47.62
_01600_,47.56
_02737_,47.54
_06391_,47.52
_05970_,47.46
_02025_,47.4
_01111_,47.38
acc\[2\]\[20\],47.32
_04274_,47.2
_01355_,47.18
_04199_,47.04
_05278_,46.84
_03586_,46.82
_00376_,46.78
_06471_,46.75
_01531_,46.74
_04305_,46.68
acc\[9\]\[24\],46.6
_06788_,46.58
_00319_,46.44
_02145_,46.36
_07181_,46.36
_02743_,46.24
_06785_,46.2
_02205_,46.18
_04354_,46.12
_06211_,46.06
_03364_,46
_07017_,45.94
_02986_,45.84
net79,45.72
_04122_,45.7
_02303_,45.68
_05903_,45.59
_01309_,45.475
_01048_,45.4
_03903_,45.12
_01049_,45.08
acc\[9\]\[12\],45.06
_02348_,45.04
_04646_,45.02
_04807_,44.98
_04648_,44.96
clknet_leaf_50_clk,44.92
_03286_,44.85
_01854_,44.78
_01089_,44.74
_05803_,44.74
_02782_,44.68
_04890_,44.66
_01030_,44.56
_05927_,44.56
_06046_,44.5
_03905_,44.46
_02149_,44.44
_03142_,44.38
_04613_,44.34
_05337_,44.34
_00864_,44.26
_05794_,44.22
acc\[8\]\[23\],44.14
_01009_,44.1
_03714_,44.1
_02157_,43.96
_06287_,43.96
acc\[4\]\[28\],43.8
_01812_,43.74
_00859_,43.715
_03485_,43.66
_00858_,43.62
_04096_,43.56
_03120_,43.475
acc\[2\]\[9\],43.45
_03047_,43.4
_04667_,43.38
_03967_,43.16
_00308_,43.12
_03766_,42.98
acc\[14\]\[31\],42.96
_05486_,42.92
_01840_,42.88
_04569_,42.8
_05079_,42.8
acc\[8\]\[9\],42.67
acc\[0\]\[10\],42.55
_01076_,42.52
_04627_,42.52
acc\[11\]\[25\],42.38
_06703_,42.3
_02747_,42.26
acc\[3\]\[26\],42.26
acc\[10\]\[22\],42.1
acc\[7\]\[25\],42.08
_00026_,41.96
_04473_,41.94
_04374_,41.9
_03143_,41.82
_02910_,41.68
acc\[5\]\[18\],41.68
_01804_,41.645
_03259_,41.58
_02580_,41.45
_01529_,41.37
clknet_leaf_61_clk,41.36
_02017_,41.32
_05882_,41.275
_02092_,41.26
acc\[8\]\[25\],41.25
_04041_,41.18
_07238_,41.18
_00009_,41.14
_04728_,41
_03635_,40.98
_00853_,40.88
_04531_,40.88
acc\[4\]\[27\],40.88
_04961_,40.8
acc\[3\]\[9\],40.68
acc\[0\]\[23\],40.65
_00855_,40.62
_01762_,40.62
_05980_,40.56
_01146_,40.54
_04339_,40.5
clknet_leaf_15_clk,40.48
_03027_,40.46
_06464_,40.4
_00918_,40.38
_04515_,40.26
_01769_,40.24
_02946_,40.24
acc\[5\]\[15\],40.2
_00178_,40.16
_00073_,40.1
_01473_,40.08
_02302_,40.08
_04102_,40.06
_00318_,40.04
acc\[5\]\[25\],40.04
_06404_,40.03
_04712_,40.015
_06045_,39.94
_02982_,39.9
_04729_,39.82
_00310_,39.76
_06208_,39.74
_04352_,39.7
_06791_,39.7
acc\[7\]\[22\],39.7
_01250_,39.62
_06289_,39.62
_03667_,39.6
_04381_,39.575
_01284_,39.54
acc\[7\]\[21\],39.52
_02336_,39.5
acc\[6\]\[22\],39.5
_01962_,39.32
_02799_,39.3
_04487_,39.2
acc\[3\]\[17\],39.2
acc\[9\]\[26\],39.2
_03670_,39.16
_04844_,39.16
acc\[6\]\[26\],39.08
_00900_,39.01
_01017_,38.94
_00845_,38.9
_04172_,38.9
_01115_,38.84
_07018_,38.74
_02368_,38.64
_00069_,38.62
_01933_,38.58
clknet_leaf_66_clk,38.52
_02221_,38.51
acc\[9\]\[25\],38.5
_06024_,38.445
acc\[7\]\[26\],38.4
_03211_,38.38
_05881_,38.32
_01119_,38.3
_01033_,38.28
_02163_,38.26
_06745_,38.22
_01705_,38.2
_05586_,38.16
_00089_,38.12
_00053_,38.1
_04178_,38.08
acc\[10\]\[25\],38.06
_01810_,38.04
acc\[3\]\[27\],38.04
_02266_,37.96
_02671_,37.9
acc\[3\]\[25\],37.8
_04444_,37.74
acc\[3\]\[23\],37.72
_04116_,37.705
_01863_,37.7
_01681_,37.68
_02667_,37.66
_04179_,37.64
_00320_,37.58
_02542_,37.54
acc\[4\]\[7\],37.5
_00225_,37.4
_04389_,37.32
acc\[8\]\[12\],37.28
_01411_,37.26
clknet_leaf_60_clk,37.26
_03736_,37.25
acc\[5\]\[26\],37.24
_03948_,37.22
_01756_,37.2
_02356_,37.2
_01811_,37.12
_00913_,37.04
_02733_,37.02
_02469_,36.94
_03070_,36.9
_04271_,36.74
_04039_,36.6
_02181_,36.58
_05836_,36.52
_02820_,36.48
_04380_,36.48
_06441_,36.46
acc\[8\]\[24\],36.46
acc\[5\]\[24\],36.44
_00311_,36.42
acc\[9\]\[4\],36.42
_00066_,36.405
_01834_,36.34
_04293_,36.32
acc\[11\]\[16\],36.32
_02254_,36.3
_03483_,36.28
_05918_,36.12
acc\[0\]\[14\],36.08
acc\[5\]\[22\],35.94
_04611_,35.84
acc\[11\]\[23\],35.8
_02367_,35.64
_04525_,35.62
_05809_,35.62
acc\[8\]\[22\],35.58
_01862_,35.54
acc\[4\]\[29\],35.52
_00375_,35.5
acc\[2\]\[19\],35.495
_04938_,35.48
_06933_,35.48
_01690_,35.42
acc\[8\]\[26\],35.42
acc\[4\]\[24\],35.4
_06597_,35.395
_01543_,35.38
_05847_,35.38
acc\[13\]\[12\],35.38
acc\[2\]\[18\],35.38
_04920_,35.36
acc\[9\]\[10\],35.32
acc\[3\]\[13\],35.28
acc\[5\]\[21\],35.12
_01944_,35.06
_02969_,35.06
_04084_,34.96
_02002_,34.84
_03287_,34.84
_00078_,34.825
acc\[0\]\[17\],34.82
_01370_,34.815
_00856_,34.78
_04321_,34.76
_06526_,34.72
_02790_,34.7
_03937_,34.68
_02043_,34.64
_03935_,34.62
_02944_,34.6
_02222_,34.56
_02923_,34.485
acc\[7\]\[29\],34.48
acc\[7\]\[18\],34.46
_01467_,34.445
_01513_,34.44
_00215_,34.4
_03856_,34.4
_04075_,34.38
_02259_,34.34
_02950_,34.3
_03063_,34.3
_01486_,34.29
_02466_,34.22
_05355_,34.2
_01199_,34.16
_04587_,34.16
_01796_,34.14
_00309_,34.12
_04252_,34.1
_02586_,34.06
_04157_,33.98
_06962_,33.98
_00233_,33.92
_01439_,33.92
_03674_,33.92
_04124_,33.92
_02219_,33.9
_06691_,33.88
_03831_,33.87
_04085_,33.84
_04367_,33.84
_01412_,33.8
_06258_,33.8
_00381_,33.78
_01380_,33.78
_06264_,33.78
_01574_,33.76
_02953_,33.76
_00616_,33.75
_01929_,33.74
_02634_,33.7
acc\[4\]\[17\],33.68
_00221_,33.56
_00230_,33.56
_04312_,33.54
acc\[6\]\[17\],33.5
_00194_,33.46
_02971_,33.36
_06797_,33.34
_04950_,33.32
_07114_,33.28
_01336_,33.16
_01813_,33.14
_01736_,33.13
_03109_,33.04
_04142_,33.04
_01839_,33
_01744_,32.96
_01662_,32.88
acc\[9\]\[27\],32.88
acc\[6\]\[23\],32.86
_07198_,32.84
_04093_,32.76
_04135_,32.73
_05798_,32.72
_01946_,32.68
_05641_,32.66
_04478_,32.62
_01590_,32.6
acc\[3\]\[8\],32.6
_04582_,32.46
_01857_,32.44
_01035_,32.34
acc\[5\]\[14\],32.24
_01786_,32.22
_05919_,32.22
_03089_,32.21
_04365_,32.18
_06223_,32.18
_00216_,32.12
_01010_,32.12
_02685_,32.12
_00217_,32.08
_03260_,32
_05566_,32
_01444_,31.96
_04360_,31.94
_00094_,31.88
_03851_,31.88
_03915_,31.86
_05218_,31.82
_04571_,31.8
_05817_,31.8
acc\[7\]\[27\],31.78
_01698_,31.68
_02607_,31.66
acc\[5\]\[9\],31.66
_03407_,31.64
_03853_,31.62
_02411_,31.6
_03632_,31.6
filter_in[2],31.49
_00884_,31.46
acc\[10\]\[30\],31.4
_00866_,31.36
_00921_,31.28
acc\[0\]\[9\],31.24
_03462_,31.2
_01187_,31.18
_00972_,31.14
_04323_,31.12
_04348_,31.12
acc\[14\]\[14\],31.12
_02855_,31.05
_02449_,31.02
_04553_,31.02
_01656_,31
_02960_,30.94
_00080_,30.86
_00150_,30.86
_02952_,30.84
_03097_,30.84
_00049_,30.78
_02065_,30.76
_02594_,30.76
_01753_,30.7
acc\[8\]\[8\],30.68
_02697_,30.66
_03551_,30.66
_05552_,30.62
acc\[8\]\[6\],30.62
_03337_,30.6
_03258_,30.58
_03457_,30.56
_04383_,30.56
_05960_,30.56
acc\[4\]\[25\],30.56
_02941_,30.54
_02781_,30.53
_00027_,30.525
_01757_,30.52
acc\[10\]\[29\],30.515
_03737_,30.51
_00048_,30.5
_01841_,30.5
_03035_,30.48
_04358_,30.48
_02470_,30.44
_03413_,30.44
_04463_,30.42
_01383_,30.375
_01547_,30.35
_05755_,30.32
_05967_,30.3
_03613_,30.28
_01382_,30.23
_03309_,30.18
_03433_,30.18
acc\[3\]\[22\],30.16
_06515_,30.14
_03921_,30.105
acc\[0\]\[15\],30.1
_06770_,30.08
_04008_,30.06
_03467_,30.04
_05624_,30
acc\[9\]\[28\],30
acc\[11\]\[26\],29.99
_01643_,29.98
_00079_,29.94
_04356_,29.92
_03567_,29.9
acc\[7\]\[14\],29.9
acc\[7\]\[17\],29.88
_01480_,29.82
_05373_,29.82
_02911_,29.8
_04109_,29.8
acc\[13\]\[29\],29.76
_04536_,29.74
_01022_,29.73
_01056_,29.72
_07110_,29.7
_02683_,29.62
_00199_,29.56
_02661_,29.56
_02446_,29.54
_03036_,29.52
_03795_,29.52
acc\[5\]\[19\],29.48
_02062_,29.46
acc\[10\]\[20\],29.44
acc\[12\]\[14\],29.44
acc\[11\]\[13\],29.34
_00915_,29.32
acc\[7\]\[30\],29.28
acc\[1\]\[17\],29.24
_02592_,29.095
_02906_,29.08
_06108_,29.075
_05696_,29.02
_04341_,29
_04765_,28.9
_04713_,28.88
_06164_,28.74
acc\[5\]\[12\],28.68
_04070_,28.66
_02093_,28.62
_06006_,28.62
_06476_,28.56
_04025_,28.55
_01015_,28.52
_02141_,28.52
_05115_,28.52
_04057_,28.48
_07132_,28.48
_05826_,28.46
_04440_,28.44
_06729_,28.4
_06025_,28.38
_03037_,28.36
_07039_,28.36
_01176_,28.3
_05642_,28.28
acc\[12\]\[15\],28.28
_06914_,28.26
_00082_,28.24
_02619_,28.23
acc\[4\]\[26\],28.19
_01447_,28.18
_02879_,28.16
_05751_,28.12
_02730_,28.02
_03170_,28.02
_02702_,27.98
_04235_,27.94
_06029_,27.94
_03677_,27.93
_01087_,27.92
_06043_,27.915
_05531_,27.91
_06747_,27.88
_01440_,27.86
_04161_,27.86
_01183_,27.82
_02957_,27.82
_01722_,27.8
_02116_,27.8
acc\[4\]\[18\],27.78
acc\[8\]\[19\],27.76
_03305_,27.68
_02435_,27.66
acc\[2\]\[23\],27.64
_03090_,27.62
_02450_,27.61
_04424_,27.56
_02981_,27.545
_06621_,27.52
_01844_,27.5
_03863_,27.5
_02182_,27.48
_03641_,27.435
_02788_,27.42
_02560_,27.405
_03278_,27.4
_03071_,27.34
_01423_,27.32
_03706_,27.32
_02851_,27.31
_04664_,27.3
_02716_,27.28
_00223_,27.22
_03973_,27.22
clknet_leaf_63_clk,27.22
_03178_,27.18
acc\[5\]\[8\],27.1
_03811_,27.08
acc\[3\]\[29\],27.06
_00314_,27.04
_05520_,27.02
acc\[4\]\[30\],27.02
_06547_,26.98
_03771_,26.95
_04917_,26.94
_06586_,26.94
acc\[9\]\[9\],26.92
_04115_,26.9
_01354_,26.88
_02949_,26.82
_03595_,26.82
_05763_,26.82
_06249_,26.82
_00383_,26.8
_06269_,26.77
_03869_,26.74
_00232_,26.72
_02725_,26.7
_03729_,26.68
_05721_,26.68
_00011_,26.64
_03655_,26.64
_06596_,26.6
_01634_,26.58
_01843_,26.58
_05915_,26.56
_06387_,26.54
_01980_,26.42
_07219_,26.42
_03755_,26.38
_05035_,26.35
_00299_,26.32
_06570_,26.32
acc\[10\]\[31\],26.3
_03451_,26.26
_04523_,26.26
acc\[2\]\[14\],26.24
_07129_,26.17
_00994_,26.16
_02436_,26.16
_05890_,26.16
_02374_,26.12
_07236_,26.1
_02095_,26.06
_02845_,26.06
_06005_,26.02
_00107_,25.96
_01637_,25.96
_02768_,25.96
_03417_,25.96
_02694_,25.93
_00400_,25.9
_00868_,25.9
_00121_,25.88
_03819_,25.86
_01213_,25.8
_06776_,25.78
_02878_,25.76
acc\[1\]\[26\],25.76
_02581_,25.74
_05458_,25.74
_06421_,25.73
_01358_,25.72
_05001_,25.7
_03001_,25.68
_03636_,25.68
_03928_,25.66
_00902_,25.62
_01388_,25.6
_03210_,25.6
_04574_,25.56
_03480_,25.55
_01013_,25.52
_02707_,25.52
_03977_,25.515
_05419_,25.5
_03861_,25.48
_03408_,25.46
_03797_,25.42
_03665_,25.4
_04340_,25.4
_03141_,25.38
_06267_,25.36
_05739_,25.34
acc\[8\]\[14\],25.34
_01684_,25.31
_00206_,25.3
_00923_,25.3
_01984_,25.3
_01569_,25.295
_03531_,25.28
_01628_,25.22
_02602_,25.22
_05830_,25.18
_05948_,25.18
_01896_,25.16
_02727_,25.14
_03972_,25.1
_03680_,25.08
_01607_,25.06
_00312_,25.05
_02038_,25.02
_03336_,25.02
_05332_,25.02
_02291_,24.93
_06992_,24.88
_06764_,24.84
net77,24.84
_01317_,24.8
acc\[9\]\[5\],24.8
_02011_,24.78
_05165_,24.78
_05437_,24.78
acc\[3\]\[10\],24.78
_01740_,24.76
acc\[3\]\[28\],24.74
_03283_,24.72
_02131_,24.68
_02852_,24.68
_06608_,24.66
_02538_,24.62
_03661_,24.58
_03888_,24.56
_02769_,24.53
acc\[3\]\[19\],24.53
acc\[2\]\[16\],24.52
_00226_,24.5
_02608_,24.48
_01850_,24.46
_05341_,24.46
_01881_,24.44
_04065_,24.44
_04700_,24.42
_02335_,24.38
_02709_,24.37
_07108_,24.36
_06451_,24.355
_03424_,24.34
_04079_,24.31
_02123_,24.3
acc\[3\]\[4\],24.3
acc\[8\]\[21\],24.3
_01544_,24.29
_04125_,24.26
_01667_,24.24
_06576_,24.24
acc\[13\]\[20\],24.24
_03519_,24.22
_05719_,24.2
_04401_,24.14
_03328_,24.13
_00958_,24.1
_02113_,24.1
_03932_,24.1
_05321_,24.08
_00891_,24.06
_03176_,24.06
acc\[7\]\[13\],24.06
_01509_,23.98
_04913_,23.98
_05364_,23.98
_07209_,23.98
_04284_,23.96
_04559_,23.94
_02734_,23.92
_05445_,23.91
acc\[2\]\[13\],23.88
_06436_,23.86
_00852_,23.84
_01507_,23.84
_01657_,23.84
_04602_,23.84
_05201_,23.84
acc\[2\]\[21\],23.84
_03412_,23.82
acc\[3\]\[15\],23.81
_01833_,23.8
acc\[11\]\[27\],23.76
_00360_,23.68
_02172_,23.66
_02474_,23.64
_00898_,23.62
_02642_,23.6
_01975_,23.56
_03052_,23.54
_05378_,23.48
_03762_,23.465
_03759_,23.46
_00847_,23.4
_01897_,23.4
_06227_,23.4
_01408_,23.38
_02184_,23.38
_01735_,23.36
_05867_,23.31
_06602_,23.3
_06600_,23.29
_00081_,23.285
_03251_,23.28
_03803_,23.27
_05726_,23.2
_05529_,23.18
_02383_,23.14
_04820_,23.14
_06550_,23.1
acc\[8\]\[5\],23.1
_02729_,23.08
_07232_,23.06
_06365_,23.04
_07247_,23.04
_03429_,23.02
_03553_,23.02
_04139_,23.02
_02429_,23.01
_00896_,22.94
_01580_,22.94
_03634_,22.94
_07176_,22.9
_01573_,22.88
_07088_,22.86
_07211_,22.86
acc\[8\]\[29\],22.86
_06020_,22.82
_06633_,22.815
_04596_,22.8
_05514_,22.77
_01603_,22.76
_01682_,22.76
_03128_,22.74
_03689_,22.72
_04310_,22.72
_03432_,22.705
_01952_,22.68
_05603_,22.675
_04974_,22.66
_02166_,22.62
_01429_,22.58
_01559_,22.58
_04645_,22.58
_01632_,22.56
_04021_,22.56
_03393_,22.54
_05650_,22.54
acc\[12\]\[20\],22.52
_06281_,22.5
acc\[12\]\[17\],22.5
_04055_,22.48
_01037_,22.42
_01792_,22.4
_03486_,22.4
_04661_,22.39
_06527_,22.38
_06815_,22.38
_00379_,22.365
_00371_,22.36
_06501_,22.36
_05258_,22.34
acc\[5\]\[7\],22.34
_01608_,22.3
_05379_,22.3
_06999_,22.28
_00207_,22.26
acc\[3\]\[18\],22.24
_01310_,22.195
_01389_,22.195
_04791_,22.16
_05228_,22.16
_05705_,22.16
_06509_,22.14
_07215_,22.14
_06347_,22.12
_05191_,22.08
_06959_,22.08
acc\[13\]\[18\],22.055
_02117_,22.04
_01256_,22.02
_06872_,22
_04089_,21.98
_04126_,21.98
_04563_,21.96
acc\[1\]\[11\],21.96
acc\[8\]\[18\],21.94
_03897_,21.9
_05687_,21.9
_00974_,21.84
_05886_,21.84
_00274_,21.82
_02168_,21.82
_04905_,21.82
acc\[4\]\[8\],21.82
_03878_,21.8
_03482_,21.76
_03557_,21.74
_04450_,21.68
_01039_,21.66
_01829_,21.66
_05907_,21.66
_03814_,21.6
acc\[13\]\[14\],21.6
_01474_,21.58
_02571_,21.58
_03148_,21.58
_03782_,21.58
_06014_,21.58
_03405_,21.56
_03054_,21.54
_03774_,21.54
_01776_,21.51
_03767_,21.48
_05559_,21.46
_04681_,21.38
_06142_,21.38
_01374_,21.36
_01958_,21.36
_06759_,21.32
_04183_,21.315
_01322_,21.3
_04406_,21.3
_02515_,21.26
_04150_,21.26
_04724_,21.26
_01086_,21.24
_07217_,21.24
_02896_,21.22
_03786_,21.21
_00163_,21.2
_03227_,21.2
_04333_,21.14
acc\[7\]\[10\],21.14
_07179_,21.08
acc\[12\]\[23\],21.06
_02213_,21.04
_02454_,21.01
_05661_,21.01
_02552_,21
_05912_,21
_06319_,20.98
acc\[10\]\[13\],20.98
_03614_,20.94
_03976_,20.9
_04319_,20.9
_06395_,20.9
_03323_,20.86
_04460_,20.855
_06086_,20.84
_06191_,20.8
_03879_,20.76
_02471_,20.66
_05974_,20.66
net49,20.66
acc\[7\]\[19\],20.65
_03699_,20.64
_06179_,20.64
_06226_,20.64
_06546_,20.64
_01925_,20.58
acc\[3\]\[5\],20.58
_03280_,20.54
_05525_,20.52
_05860_,20.52
_05210_,20.5
_06257_,20.46
acc\[0\]\[19\],20.46
_02750_,20.42
_04411_,20.42
_06011_,20.42
acc\[12\]\[13\],20.42
_02388_,20.4
_03254_,20.4
_03724_,20.4
_01817_,20.38
_00185_,20.36
_06892_,20.36
_01618_,20.34
_02332_,20.34
_02361_,20.34
_00064_,20.32
_06813_,20.32
_00333_,20.305
_02386_,20.3
_06810_,20.29
_03333_,20.28
_03779_,20.28
_03352_,20.26
_03516_,20.26
_03188_,20.24
_06019_,20.22
acc\[8\]\[7\],20.22
_00298_,20.2
_01342_,20.16
_03758_,20.16
_05923_,20.16
_02210_,20.14
_02800_,20.14
_03685_,20.14
_06623_,20.14
_03152_,20.12
_04945_,20.12
_01775_,20.1
_07142_,20.1
_05144_,20.06
_06567_,20.06
acc\[11\]\[22\],20.06
_00016_,20.04
_02108_,20.04
_00152_,20.025
_02705_,20.02
_06159_,20
acc\[13\]\[26\],20
_01297_,19.98
_02406_,19.98
_07177_,19.98
acc\[5\]\[5\],19.98
_01272_,19.92
_01283_,19.92
acc\[4\]\[4\],19.92
_01449_,19.9
_02823_,19.9
_04817_,19.88
_05929_,19.84
_04203_,19.82
_05450_,19.82
acc\[2\]\[24\],19.82
acc\[13\]\[24\],19.8
acc\[1\]\[19\],19.78
_02767_,19.765
_00948_,19.76
_06997_,19.76
_04103_,19.72
_01822_,19.665
acc\[8\]\[13\],19.66
_03073_,19.64
_03044_,19.62
_06236_,19.62
_03194_,19.6
_07244_,19.6
_01631_,19.58
_02097_,19.58
_06343_,19.56
_00126_,19.52
_05224_,19.52
_03560_,19.5
_05138_,19.5
_05711_,19.5
_01689_,19.46
_01935_,19.44
_04287_,19.44
_06235_,19.42
acc\[2\]\[10\],19.42
_02185_,19.4
_03074_,19.4
_03708_,19.4
_04418_,19.4
_06490_,19.4
_00957_,19.38
_05254_,19.38
_02026_,19.36
_04783_,19.36
_05543_,19.36
_06514_,19.36
_03894_,19.32
_00357_,19.3
_06722_,19.3
_02636_,19.28
_03988_,19.28
_04658_,19.26
_06584_,19.26
_06978_,19.24
_03366_,19.22
_01417_,19.215
_00222_,19.2
_04471_,19.2
_00953_,19.18
_05405_,19.17
_01418_,19.16
_01251_,19.14
_03891_,19.14
_06665_,19.14
_00932_,19.12
_01915_,19.12
_03494_,19.12
_01312_,19.08
_06050_,19.08
_04970_,19.06
_07206_,19.06
_03765_,19.04
_03781_,19.04
acc\[13\]\[27\],19.04
filter_out[20],19.04
_02212_,19.02
_07046_,19.02
_02687_,18.97
_02364_,18.96
_06587_,18.96
_03318_,18.94
_04877_,18.94
_05932_,18.9
_05424_,18.89
_06173_,18.86
acc\[5\]\[17\],18.86
_01298_,18.84
_01848_,18.84
_04935_,18.84
_06320_,18.84
_00276_,18.82
_06674_,18.82
_03866_,18.78
_05431_,18.78
acc\[8\]\[15\],18.78
_01014_,18.77
_06755_,18.76
_03527_,18.74
acc\[7\]\[24\],18.74
_02251_,18.72
_02575_,18.7
_04279_,18.7
_03091_,18.68
_04005_,18.68
_03556_,18.67
_01457_,18.66
_06229_,18.66
_07096_,18.66
acc\[5\]\[29\],18.66
_00394_,18.62
_01234_,18.62
_05997_,18.62
_04690_,18.6
_06324_,18.6
_06492_,18.6
_03783_,18.56
_02692_,18.55
_01222_,18.54
_02071_,18.54
_02872_,18.54
_06445_,18.54
_01414_,18.52
_04802_,18.52
_06713_,18.52
_06951_,18.48
acc\[11\]\[29\],18.48
_01913_,18.46
_03394_,18.46
_04442_,18.46
_05149_,18.46
_03654_,18.44
_06034_,18.44
_04958_,18.435
_02757_,18.36
_02268_,18.34
_03326_,18.34
_01617_,18.32
_03321_,18.32
_06554_,18.32
acc\[3\]\[7\],18.32
_03509_,18.28
_06574_,18.28
_06945_,18.26
_03231_,18.24
_02331_,18.23
_03455_,18.22
_05745_,18.22
acc\[13\]\[30\],18.22
acc\[12\]\[16\],18.205
_01620_,18.2
_02150_,18.2
_04812_,18.2
_05012_,18.2
acc\[8\]\[30\],18.2
_05815_,18.18
_00939_,18.16
_03927_,18.16
_05977_,18.14
_01428_,18.12
_04467_,18.12
_06508_,18.12
_04691_,18.1
_05550_,18.1
_02988_,18.08
_03622_,18.08
_04734_,18.06
_00239_,18.04
_00907_,18.04
_06053_,18.04
acc\[5\]\[13\],18.04
acc\[2\]\[11\],18.03
acc\[2\]\[6\],18.02
_01012_,18
_03578_,18
_05774_,18
_07231_,18
_04792_,17.98
acc\[12\]\[28\],17.98
_02968_,17.96
_01541_,17.94
_02408_,17.94
_02539_,17.94
_03548_,17.94
_03686_,17.915
_04308_,17.9
_05129_,17.9
_05470_,17.9
_06340_,17.9
_03733_,17.89
_01533_,17.88
_06168_,17.88
_03199_,17.86
_04311_,17.86
_01499_,17.78
_05647_,17.78
_06423_,17.78
_02506_,17.76
_02574_,17.76
_05230_,17.76
_01995_,17.74
_04578_,17.7
_07002_,17.7
_07212_,17.7
_04510_,17.68
_02793_,17.675
_03696_,17.66
_01365_,17.62
_03956_,17.62
_02818_,17.6
_02918_,17.58
_03319_,17.56
acc\[8\]\[31\],17.56
acc\[8\]\[4\],17.56
_02721_,17.54
_04062_,17.54
_05351_,17.54
_01305_,17.52
_03234_,17.52
_06212_,17.52
_06645_,17.52
acc\[10\]\[10\],17.52
_02309_,17.5
_03671_,17.5
_01524_,17.48
_03773_,17.48
_06662_,17.48
acc\[10\]\[18\],17.48
_01515_,17.475
_02032_,17.47
_05588_,17.47
_01587_,17.44
_02173_,17.44
_00213_,17.4
_01746_,17.4
_01781_,17.4
_03513_,17.38
_01487_,17.36
_05606_,17.36
_04539_,17.35
filter_in[5],17.35
_01959_,17.34
_04626_,17.335
_03043_,17.32
_03962_,17.32
_01672_,17.3
_01994_,17.3
_04202_,17.3
net71,17.3
_00850_,17.28
acc\[8\]\[16\],17.28
_02805_,17.26
_03029_,17.26
_04285_,17.26
_00188_,17.24
_02754_,17.24
_05217_,17.23
_03214_,17.205
_01936_,17.2
_05453_,17.2
_05634_,17.2
_04174_,17.18
_01979_,17.16
_04134_,17.16
_05290_,17.14
_01113_,17.13
_04329_,17.13
_05421_,17.12
_05317_,17.1
_05822_,17.1
_06478_,17.1
_04988_,17.08
_01152_,17.06
_03088_,17.06
_04767_,17.06
_06147_,17.06
_06468_,17.06
_06736_,17.06
_01344_,17.04
_01451_,17.04
_02578_,17.04
_03487_,17.04
_06594_,17.04
_05223_,17.03
_07090_,17.02
acc\[3\]\[21\],17.02
_01334_,17
_01143_,16.98
_02643_,16.98
_04723_,16.96
_06022_,16.96
_05776_,16.9
_03340_,16.88
_01264_,16.82
_05430_,16.82
_06187_,16.82
_06935_,16.82
_01755_,16.78
_05327_,16.76
_01726_,16.74
_02053_,16.74
_04789_,16.74
_03447_,16.72
_03800_,16.72
_04112_,16.72
acc\[9\]\[7\],16.695
_02914_,16.68
_05114_,16.68
_05119_,16.68
_05605_,16.68
acc\[9\]\[8\],16.68
_01743_,16.66
_01141_,16.64
_04003_,16.64
_04752_,16.64
_06116_,16.64
_06268_,16.64
_05348_,16.62
_02422_,16.6
_06049_,16.6
_06215_,16.6
_05778_,16.57
_01527_,16.56
_03652_,16.56
_03806_,16.54
_06616_,16.54
_06758_,16.54
_01018_,16.52
_01551_,16.52
_02866_,16.52
_06533_,16.52
acc\[8\]\[20\],16.52
_02047_,16.5
_03660_,16.5
_06334_,16.5
_02785_,16.48
_04327_,16.48
acc\[1\]\[16\],16.46
_03534_,16.44
_01837_,16.42
_03477_,16.42
_06218_,16.42
_02229_,16.4
_02722_,16.4
_03692_,16.4
_04068_,16.4
_06994_,16.4
_02107_,16.36
_05464_,16.36
acc\[1\]\[8\],16.36
_01601_,16.34
_05213_,16.34
_07011_,16.34
_07120_,16.34
_03821_,16.32
_03950_,16.3
_05440_,16.3
_06739_,16.3
_07164_,16.3
_02402_,16.28
_03192_,16.28
_04407_,16.26
_06768_,16.26
_06247_,16.24
_06714_,16.24
_00218_,16.22
_05158_,16.22
_03571_,16.2
_00228_,16.18
_02584_,16.18
_03238_,16.18
_01236_,16.16
_01801_,16.16
_01816_,16.16
_02091_,16.16
_02376_,16.16
_07143_,16.16
_03849_,16.14
_04069_,16.14
acc\[3\]\[16\],16.14
_01846_,16.1
_06975_,16.1
_03872_,16.08
_03981_,16.08
_05198_,16.07
_01677_,16.06
_06456_,16.04
_01225_,16.02
_03666_,16.02
_04908_,16
_04699_,15.98
_06446_,15.98
_06940_,15.98
_03734_,15.96
_03746_,15.96
_00844_,15.94
_00909_,15.94
_02713_,15.94
_03332_,15.94
_00865_,15.9
_03918_,15.9
_05746_,15.9
_01594_,15.86
_02678_,15.86
_04853_,15.86
_06001_,15.86
_01532_,15.85
_04071_,15.84
_07156_,15.84
_02327_,15.83
_02915_,15.82
_03690_,15.815
_04687_,15.8
_05186_,15.8
_02903_,15.78
_06656_,15.78
_04770_,15.775
_00187_,15.76
_02755_,15.76
_03065_,15.76
_05562_,15.76
_01351_,15.74
_05659_,15.74
_06568_,15.74
_07158_,15.74
_00261_,15.72
_02472_,15.72
_03294_,15.72
_05584_,15.72
_06927_,15.72
_01340_,15.7
_00947_,15.68
_02699_,15.68
acc\[7\]\[20\],15.68
_02572_,15.64
_05008_,15.64
_05370_,15.64
_07050_,15.64
_02832_,15.62
_03679_,15.615
_01046_,15.6
_03993_,15.6
_05215_,15.6
_05393_,15.59
_06270_,15.59
_02214_,15.56
_02912_,15.56
_03092_,15.56
_03427_,15.56
_04376_,15.56
acc\[7\]\[9\],15.56
_01884_,15.54
_05406_,15.54
_07063_,15.54
_04466_,15.52
_04899_,15.52
_05759_,15.52
_06443_,15.52
_06995_,15.52
_07191_,15.5
acc\[12\]\[18\],15.5
_02784_,15.48
_01575_,15.47
_03030_,15.46
_04748_,15.46
_05465_,15.46
net64,15.46
_01673_,15.44
_03033_,15.44
_04290_,15.44
acc\[5\]\[27\],15.4
_02432_,15.39
_04868_,15.38
_05472_,15.38
_05901_,15.38
_04431_,15.36
_06704_,15.36
_03312_,15.355
_00348_,15.34
_02407_,15.34
_06980_,15.34
_02662_,15.32
_03131_,15.32
_01050_,15.3
_02858_,15.3
_05770_,15.3
_06134_,15.3
_03691_,15.29
_04594_,15.28
_04651_,15.28
_05159_,15.26
_04583_,15.24
_07228_,15.24
_04334_,15.22
_04730_,15.22
_05111_,15.22
_07139_,15.22
_01399_,15.18
_04499_,15.14
_05501_,15.14
_05599_,15.14
_06136_,15.14
_06433_,15.14
acc\[10\]\[11\],15.14
_03040_,15.12
_03365_,15.12
_05185_,15.12
_06032_,15.12
_02655_,15.1
_03410_,15.1
_03980_,15.1
_04189_,15.1
_04629_,15.1
_04709_,15.1
_05615_,15.1
net58,15.1
_06497_,15.08
_05540_,15.075
_01109_,15.06
_03827_,15.06
_03329_,15.02
_03609_,15.02
_03994_,15.02
_05722_,15.02
acc\[2\]\[28\],15.02
_02731_,15
_06467_,15
_03034_,14.98
_04300_,14.98
_01184_,14.94
_01443_,14.94
_02693_,14.94
_04489_,14.94
_00280_,14.92
_07213_,14.92
_01633_,14.9
_02567_,14.9
_06128_,14.9
_02724_,14.88
_04357_,14.88
_02601_,14.86
_02611_,14.86
_02679_,14.86
_04408_,14.86
_04887_,14.86
_05415_,14.86
_06248_,14.86
_03308_,14.82
_04081_,14.82
_04232_,14.82
_04717_,14.82
_03722_,14.8
_06431_,14.8
_07214_,14.785
_04099_,14.78
_05804_,14.78
_06054_,14.78
_00838_,14.76
_01318_,14.76
_01361_,14.76
_02638_,14.76
_06918_,14.76
_03144_,14.74
_03524_,14.74
_05533_,14.74
_06439_,14.74
_02895_,14.72
_05604_,14.72
_06822_,14.72
_05053_,14.7
_07016_,14.7
_04250_,14.69
_05831_,14.68
acc\[3\]\[6\],14.68
_01128_,14.66
_03291_,14.66
_03702_,14.66
_05343_,14.66
_06424_,14.66
_03094_,14.64
_04620_,14.64
_05212_,14.64
_05917_,14.64
_07071_,14.64
_01437_,14.635
_05546_,14.635
_02363_,14.62
_03298_,14.62
_03314_,14.62
_05827_,14.62
_07174_,14.62
_01865_,14.615
_02121_,14.6
_02837_,14.6
_04209_,14.6
_05002_,14.6
_03267_,14.58
_07166_,14.58
_00920_,14.56
_03464_,14.52
_04338_,14.515
_01281_,14.5
_01302_,14.5
_04960_,14.5
_02863_,14.48
_04020_,14.48
_06276_,14.48
_06406_,14.48
_07069_,14.48
_00023_,14.46
acc\[14\]\[12\],14.46
_03999_,14.44
acc\[4\]\[19\],14.44
_00377_,14.42
_04304_,14.42
_06595_,14.42
acc\[9\]\[13\],14.42
_02932_,14.4
_02463_,14.38
_03934_,14.38
filter_in[3],14.37
_01818_,14.36
_05669_,14.36
_02965_,14.34
_03420_,14.34
_03824_,14.34
_06225_,14.34
_07037_,14.34
_06775_,14.32
_02486_,14.3
_02516_,14.3
_04332_,14.3
_05583_,14.3
_00880_,14.26
acc\[9\]\[30\],14.26
_01612_,14.24
_01759_,14.24
_02299_,14.235
_05698_,14.22
_05911_,14.22
_06291_,14.22
_04980_,14.2
_02795_,14.19
_02888_,14.18
_05105_,14.18
_05253_,14.18
_05883_,14.18
_01526_,14.16
_03799_,14.16
_04060_,14.16
acc\[11\]\[20\],14.16
_01165_,14.14
_01279_,14.14
_03204_,14.14
_04393_,14.14
_06079_,14.14
filter_out[27],14.13
_02703_,14.12
_06865_,14.12
_05643_,14.115
_02909_,14.1
_03961_,14.1
_06850_,14.1
_01339_,14.08
_02101_,14.08
_04922_,14.08
_05234_,14.08
_01393_,14.06
_02305_,14.06
_02307_,14.06
_05080_,14.06
_04302_,14.04
_04937_,14.02
_04744_,14.01
acc\[7\]\[12\],14
_04325_,13.98
_05667_,13.98
_05162_,13.97
_03540_,13.96
_04688_,13.96
_06061_,13.96
acc\[1\]\[20\],13.96
acc\[4\]\[20\],13.96
_00784_,13.94
_03053_,13.94
_03919_,13.94
_04419_,13.94
_05306_,13.94
_05410_,13.94
_05789_,13.94
_06056_,13.94
_06076_,13.94
_01859_,13.92
_03150_,13.92
_04695_,13.92
_01248_,13.88
_01777_,13.88
_02518_,13.88
_05521_,13.88
_05538_,13.88
acc\[9\]\[29\],13.88
_02808_,13.86
_03095_,13.86
_01392_,13.84
_02341_,13.84
_02836_,13.84
_05649_,13.84
_06040_,13.84
_07197_,13.84
_01795_,13.82
_02058_,13.82
_02553_,13.82
_04751_,13.82
_05660_,13.82
_02084_,13.815
_04860_,13.8
_05005_,13.8
_06821_,13.8
_02390_,13.78
_03741_,13.78
_05400_,13.78
_02317_,13.76
_03145_,13.76
_03220_,13.76
_06201_,13.76
acc\[8\]\[11\],13.76
_01951_,13.74
filter_out[4],13.74
net57,13.74
_01576_,13.72
_02569_,13.72
_02859_,13.72
_03929_,13.72
_04268_,13.72
_04901_,13.72
_06275_,13.72
_06689_,13.72
_06860_,13.72
_01350_,13.7
_03055_,13.7
_03370_,13.7
_04622_,13.7
_05965_,13.7
_01419_,13.68
_02970_,13.66
_04045_,13.66
_03859_,13.64
_01505_,13.62
_02414_,13.62
_02496_,13.62
_01398_,13.6
_01819_,13.6
_02735_,13.6
_02751_,13.6
_03559_,13.6
_03784_,13.6
_06202_,13.59
_04482_,13.58
_06692_,13.58
_01771_,13.56
_02637_,13.56
_04350_,13.56
_05439_,13.56
_06525_,13.56
_01615_,13.54
_05252_,13.54
_06592_,13.54
_06752_,13.54
_04932_,13.53
_02670_,13.52
_03594_,13.52
_05620_,13.52
_07194_,13.52
acc\[13\]\[28\],13.52
_06453_,13.51
_03207_,13.505
_00166_,13.5
_03510_,13.5
_07168_,13.5
acc\[1\]\[18\],13.5
_04443_,13.48
_05171_,13.48
_03098_,13.46
_06206_,13.46
_02010_,13.44
_03906_,13.44
_02776_,13.42
_05154_,13.42
acc\[3\]\[14\],13.42
_03083_,13.4
_03807_,13.4
_05857_,13.4
_04750_,13.395
_01240_,13.38
_03058_,13.38
_05251_,13.38
_05336_,13.38
_05833_,13.38
_02159_,13.36
_02663_,13.36
_03681_,13.36
_07223_,13.36
_01719_,13.34
_02296_,13.34
_03223_,13.34
_03711_,13.34
_06141_,13.34
_06598_,13.34
_00919_,13.335
_03537_,13.32
_01688_,13.3
_05674_,13.28
_01939_,13.26
_02680_,13.26
_03159_,13.26
_03898_,13.26
_04927_,13.26
_04997_,13.26
_05784_,13.26
_06989_,13.26
_02290_,13.255
_01258_,13.24
_03031_,13.24
acc\[12\]\[27\],13.24
_04555_,13.235
_03753_,13.225
_05613_,13.22
_07074_,13.22
_01299_,13.2
_01397_,13.2
_06124_,13.2
_06905_,13.2
acc\[13\]\[16\],13.2
_05221_,13.18
_00347_,13.16
_04281_,13.16
_04452_,13.16
net81,13.16
_01100_,13.14
_05155_,13.14
_01988_,13.12
_04604_,13.12
_04969_,13.12
_06096_,13.12
_06977_,13.12
acc\[10\]\[17\],13.12
acc\[2\]\[27\],13.12
_06254_,13.1
_06943_,13.1
_00386_,13.08
_02100_,13.08
_03974_,13.08
_05112_,13.08
acc\[10\]\[5\],13.08
_06002_,13.075
_02090_,13.06
_02445_,13.06
_05181_,13.06
_02719_,13.04
_03414_,13.04
_05489_,13.04
_05590_,13.04
acc\[10\]\[19\],13.04
_01345_,13.02
_01522_,13.02
_04186_,13.02
_04796_,13.02
_05754_,13.02
_06266_,13.01
_01239_,13
_02404_,13
_02609_,13
_03368_,13
_04657_,13
_06240_,13
acc\[7\]\[8\],13
_05048_,12.995
_02645_,12.98
_03295_,12.98
_00965_,12.96
_01647_,12.96
_02105_,12.96
_01346_,12.92
_05298_,12.92
_05498_,12.92
_05986_,12.92
_05811_,12.9
_06506_,12.9
_04866_,12.89
_01960_,12.88
_04505_,12.88
_05153_,12.88
_03006_,12.87
_01036_,12.86
_03016_,12.86
_06031_,12.86
_06121_,12.86
_03304_,12.84
_04519_,12.84
_04976_,12.84
_06166_,12.84
acc\[8\]\[10\],12.84
_01232_,12.8
_02453_,12.8
_02708_,12.8
_02810_,12.8
_05285_,12.8
_06310_,12.8
_02421_,12.78
_04091_,12.78
_05920_,12.78
_05694_,12.76
_00324_,12.74
_04472_,12.74
_02898_,12.72
_04266_,12.72
_06473_,12.72
acc\[2\]\[4\],12.7
acc\[2\]\[5\],12.7
_00979_,12.68
_01185_,12.68
_02760_,12.68
_03391_,12.68
_01343_,12.66
_01653_,12.66
_01971_,12.66
_02488_,12.66
_01188_,12.64
_06283_,12.64
_06591_,12.64
_06082_,12.63
_03384_,12.62
_03539_,12.62
_01471_,12.6
_02827_,12.6
_03130_,12.6
_02817_,12.58
_02884_,12.58
_04187_,12.58
_05270_,12.58
_01964_,12.56
_05264_,12.56
_01465_,12.54
_02838_,12.54
_04994_,12.54
_05592_,12.53
_02441_,12.52
_02532_,12.52
_04404_,12.52
acc\[12\]\[29\],12.515
_02551_,12.5
_03190_,12.5
_03745_,12.5
_02110_,12.48
_02175_,12.48
_02324_,12.48
_04785_,12.48
_05193_,12.48
_01242_,12.46
_01280_,12.46
_01495_,12.46
_01880_,12.46
_02081_,12.46
_02398_,12.46
_02654_,12.46
_02756_,12.46
_02904_,12.46
_03656_,12.46
_04211_,12.46
_05397_,12.46
_06260_,12.46
_06805_,12.46
_01347_,12.44
_03965_,12.44
_05047_,12.44
_06338_,12.44
_01553_,12.42
_05402_,12.42
_05686_,12.42
_05737_,12.42
_05762_,12.42
_06298_,12.42
_04416_,12.415
_03643_,12.4
_03884_,12.4
_07070_,12.4
acc\[11\]\[17\],12.4
_01610_,12.38
_05023_,12.38
_03293_,12.36
net47,12.36
_02891_,12.35
_03491_,12.35
_01208_,12.34
_02477_,12.34
_03042_,12.34
_03187_,12.34
_03449_,12.34
_03497_,12.34
_03511_,12.34
_03715_,12.34
_04077_,12.34
_05266_,12.34
_06047_,12.34
_06477_,12.34
_06677_,12.34
_06953_,12.34
_06588_,12.32
_07150_,12.315
_01292_,12.3
_01304_,12.3
_01828_,12.3
_02773_,12.3
_03434_,12.3
_04608_,12.3
_04874_,12.3
_00020_,12.28
_00088_,12.28
_01386_,12.28
_02495_,12.28
_03411_,12.28
_06530_,12.28
_00237_,12.26
_01308_,12.26
_04073_,12.26
_04462_,12.26
_05170_,12.26
_06178_,12.26
_06572_,12.26
_06948_,12.26
_07188_,12.26
filter_out[10],12.26
filter_out[12],12.26
filter_out[14],12.26
filter_out[19],12.26
filter_out[6],12.26
_00208_,12.24
_00916_,12.24
_07080_,12.24
_02178_,12.22
_03334_,12.22
_05993_,12.22
acc\[2\]\[7\],12.22
_01287_,12.2
_01519_,12.2
_05202_,12.2
_03899_,12.18
_04010_,12.18
_06306_,12.18
acc\[4\]\[10\],12.18
_01492_,12.16
_01504_,12.16
_02460_,12.16
_05145_,12.16
_03246_,12.14
_03547_,12.14
_06949_,12.14
_06611_,12.13
_01349_,12.12
_02275_,12.12
_03191_,12.12
_05565_,12.12
_06984_,12.12
_02297_,12.1
_02668_,12.1
_01716_,12.08
_01825_,12.08
_02399_,12.08
_04605_,12.08
_06183_,12.08
acc\[12\]\[6\],12.08
_04801_,12.06
_01422_,12.04
_02513_,12.04
_03672_,12.04
_03515_,12.02
_04621_,12.02
_06529_,12.02
_07160_,12.02
filter_out[13],12.02
filter_out[26],12.02
filter_out[5],12.02
_06101_,12.01
_04904_,12
_05041_,12
_03886_,11.995
_06647_,11.98
_07049_,11.98
filter_out[18],11.97
_06195_,11.96
_01075_,11.95
_00263_,11.94
_01510_,11.94
_03265_,11.94
_04012_,11.94
_05684_,11.94
_01159_,11.92
_02927_,11.92
_04777_,11.9
_06708_,11.9
filter_out[11],11.89
_01556_,11.88
_02114_,11.88
_02577_,11.88
_02848_,11.88
_05200_,11.88
_05808_,11.88
_06413_,11.88
_07097_,11.88
_01482_,11.86
_04589_,11.86
_05362_,11.86
_06544_,11.86
acc\[2\]\[30\],11.86
_00867_,11.84
_02357_,11.84
_02841_,11.84
_04811_,11.84
_06402_,11.84
_06428_,11.83
_04379_,11.82
_04544_,11.82
_06466_,11.82
_06682_,11.82
_06794_,11.82
_01548_,11.8
_01745_,11.8
_05038_,11.8
_03813_,11.78
_04579_,11.78
_04818_,11.78
_05494_,11.78
_06827_,11.78
_07155_,11.78
_01883_,11.76
_02467_,11.76
_04251_,11.76
_04910_,11.76
_01953_,11.74
_02280_,11.74
_02287_,11.74
_05717_,11.74
_01044_,11.72
_05700_,11.72
_06843_,11.72
_01324_,11.71
_02218_,11.7
_02308_,11.7
_03302_,11.7
_04919_,11.7
_06917_,11.7
_04180_,11.68
_06416_,11.68
_06854_,11.68
filter_out[15],11.68
filter_out[23],11.68
filter_out[25],11.68
filter_out[28],11.68
filter_out[29],11.68
filter_out[31],11.68
filter_out[7],11.68
_01262_,11.66
_01826_,11.66
_03735_,11.66
_03959_,11.66
_05054_,11.66
_06228_,11.66
_07151_,11.66
_01137_,11.64
_04141_,11.64
_04210_,11.64
_05273_,11.64
_05626_,11.64
_01481_,11.62
_01655_,11.62
_05182_,11.62
_06784_,11.62
_00183_,11.58
_01579_,11.58
_03498_,11.58
_05749_,11.58
_06314_,11.58
_06848_,11.58
_02186_,11.56
_03845_,11.56
filter_in[14],11.56
_01969_,11.54
_04306_,11.54
_04762_,11.54
_04838_,11.54
_06519_,11.54
acc\[10\]\[12\],11.54
_02055_,11.52
_02993_,11.52
_03535_,11.52
_03833_,11.52
_04254_,11.52
_06923_,11.52
_03051_,11.51
_04926_,11.51
_01220_,11.5
_02355_,11.5
_03521_,11.5
_03562_,11.5
_05842_,11.5
_06630_,11.5
_03263_,11.485
_04197_,11.48
_05678_,11.48
_03588_,11.46
_03991_,11.46
_06414_,11.46
_01452_,11.45
_01788_,11.44
_03349_,11.44
_03627_,11.44
_05906_,11.44
_06709_,11.44
_07185_,11.44
filter_in[13],11.44
filter_in[9],11.44
_04654_,11.43
_00985_,11.42
_01842_,11.42
_03135_,11.42
_04283_,11.42
_04347_,11.42
_06671_,11.42
_02807_,11.4
_03439_,11.4
acc\[2\]\[22\],11.4
_00113_,11.38
_00365_,11.38
_01517_,11.38
_00063_,11.36
_00211_,11.36
_00244_,11.36
_01391_,11.36
_02568_,11.36
_03626_,11.36
_03419_,11.35
_01787_,11.34
_03460_,11.34
_03718_,11.34
_04412_,11.34
_05484_,11.335
_00177_,11.32
_00336_,11.32
_02501_,11.32
_02828_,11.32
_05031_,11.32
_06613_,11.32
_00927_,11.3
_01741_,11.3
_02576_,11.3
_02742_,11.3
_02889_,11.3
_04044_,11.3
_04481_,11.3
_05896_,11.3
_00917_,11.28
_06839_,11.28
acc\[2\]\[25\],11.28
_07061_,11.275
_05922_,11.26
acc\[1\]\[12\],11.26
_00992_,11.24
_06400_,11.24
_00246_,11.22
_01090_,11.22
_01998_,11.22
_02753_,11.22
_02877_,11.22
_03262_,11.22
_04549_,11.22
_01300_,11.2
_03284_,11.2
_03909_,11.2
_04262_,11.2
_05188_,11.2
_05454_,11.2
_06199_,11.2
_06367_,11.2
_06585_,11.2
_05858_,11.19
_01508_,11.18
_01602_,11.18
_04032_,11.18
_05261_,11.18
_05638_,11.18
_05657_,11.18
_06155_,11.18
_00289_,11.16
_01713_,11.16
_02021_,11.16
_02338_,11.16
_04675_,11.16
_04931_,11.16
_05490_,11.16
acc\[10\]\[15\],11.16
acc\[12\]\[26\],11.155
_00399_,11.14
acc\[1\]\[23\],11.135
_00358_,11.12
_01904_,11.12
_05227_,11.12
_06789_,11.12
_07093_,11.12
_02220_,11.1
_05307_,11.1
filter_in[10],11.1
_01084_,11.08
_01303_,11.08
_02423_,11.08
_03940_,11.08
_05176_,11.08
_05787_,11.08
_06430_,11.08
_06503_,11.08
acc\[2\]\[29\],11.08
_03123_,11.06
acc\[11\]\[19\],11.06
_04171_,11.04
_04564_,11.04
_06801_,11.04
acc\[14\]\[27\],11.04
acc\[1\]\[5\],11.04
_03761_,11.02
_04110_,11.01
_00010_,11.005
_02033_,11
_03374_,11
_00338_,10.98
_00395_,10.98
_04528_,10.98
_04787_,10.98
_05106_,10.98
_05796_,10.98
_06874_,10.98
_07118_,10.98
_00873_,10.96
_01948_,10.96
_02424_,10.96
_02583_,10.96
_02833_,10.96
_03454_,10.96
_03499_,10.96
_04155_,10.96
_04167_,10.96
_04390_,10.96
_04966_,10.96
_05143_,10.96
_06480_,10.96
acc\[6\]\[5\],10.96
_05509_,10.94
_05167_,10.935
_01454_,10.93
_01783_,10.92
acc\[4\]\[5\],10.92
_00265_,10.9
_01889_,10.9
_05057_,10.9
net68,10.9
_01224_,10.88
_03997_,10.88
_06767_,10.88
_07083_,10.87
_02063_,10.86
_04987_,10.86
_05291_,10.86
_05868_,10.86
_07041_,10.86
_04996_,10.855
_02083_,10.84
_02908_,10.84
_04502_,10.84
_04504_,10.84
_02389_,10.82
_03062_,10.82
_03189_,10.82
_06372_,10.82
_06846_,10.815
_01153_,10.8
_05150_,10.8
_05425_,10.8
_02036_,10.79
_01997_,10.78
_03386_,10.78
_03836_,10.78
_04683_,10.78
_04737_,10.78
_05969_,10.78
_06084_,10.78
_06787_,10.78
_03832_,10.76
_03943_,10.76
_05286_,10.76
_05769_,10.76
_05951_,10.76
_02511_,10.74
_02885_,10.74
_02920_,10.74
_03240_,10.74
_03426_,10.74
_03488_,10.74
_05206_,10.74
_05905_,10.74
_06804_,10.74
acc\[13\]\[23\],10.74
_02673_,10.735
_05665_,10.72
_01332_,10.7
_02831_,10.7
acc\[13\]\[9\],10.7
_01468_,10.68
_01674_,10.66
_03248_,10.66
_04679_,10.66
_05342_,10.66
_06336_,10.66
_02294_,10.64
_02431_,10.64
_05427_,10.64
_06293_,10.64
_06654_,10.64
_06990_,10.64
_02862_,10.625
_01053_,10.62
_01784_,10.62
_02555_,10.62
_03825_,10.62
_04810_,10.62
_05265_,10.62
_06847_,10.62
_06866_,10.62
_02009_,10.6
_02959_,10.6
_03512_,10.6
_04864_,10.6
_06599_,10.6
acc\[12\]\[19\],10.6
_01853_,10.58
_02048_,10.58
_04051_,10.58
_06198_,10.58
_00025_,10.56
_03552_,10.56
_02980_,10.545
_01096_,10.54
_01823_,10.54
_02118_,10.54
_05021_,10.54
_06655_,10.54
filter_in[15],10.54
_00077_,10.52
_04200_,10.52
_04511_,10.52
_04451_,10.51
_01193_,10.5
_01483_,10.5
_01926_,10.5
_01989_,10.5
_02066_,10.5
_02070_,10.5
_02350_,10.5
_02631_,10.5
_03077_,10.5
_03650_,10.5
_03785_,10.5
_03871_,10.5
_04272_,10.5
_04309_,10.5
_04364_,10.5
_04417_,10.5
_06888_,10.5
_02804_,10.48
_03012_,10.48
_06321_,10.48
_06769_,10.48
_06880_,10.48
_06641_,10.475
_03592_,10.47
acc\[12\]\[25\],10.46
acc\[12\]\[7\],10.46
_00043_,10.44
_00161_,10.44
_03165_,10.44
_01864_,10.42
_01973_,10.42
_02428_,10.42
_02582_,10.42
_03115_,10.42
_04213_,10.42
_05889_,10.42
_01286_,10.4
_01402_,10.4
_01731_,10.4
_02153_,10.4
_04542_,10.4
_06048_,10.4
_00305_,10.38
_00307_,10.38
_00380_,10.38
_03161_,10.38
_03651_,10.38
_04697_,10.38
_05962_,10.38
_06091_,10.38
_06169_,10.38
_06189_,10.38
_06652_,10.38
_07193_,10.38
_03695_,10.36
_06077_,10.36
_06855_,10.36
net56,10.36
_04082_,10.355
_02461_,10.34
_02676_,10.34
_04773_,10.34
_01558_,10.33
_02758_,10.325
_03082_,10.32
_04831_,10.32
acc\[14\]\[20\],10.32
_02320_,10.3
_02641_,10.3
_03162_,10.3
_03442_,10.3
_03459_,10.3
_05055_,10.3
_05536_,10.3
_05616_,10.3
_06831_,10.3
_07136_,10.3
_06217_,10.295
net60,10.285
_00404_,10.28
_01186_,10.28
_01301_,10.28
_01353_,10.28
_01641_,10.28
_02240_,10.28
_02762_,10.28
_03078_,10.28
_03791_,10.28
_03955_,10.28
_05288_,10.28
_06138_,10.28
_06802_,10.28
acc\[10\]\[14\],10.28
_02998_,10.26
_03684_,10.26
_05151_,10.26
_05175_,10.26
_06023_,10.26
acc\[10\]\[9\],10.26
_00941_,10.24
_05695_,10.24
_07054_,10.24
_06009_,10.22
_06625_,10.22
_00180_,10.205
_02136_,10.2
_02925_,10.2
_05244_,10.2
_05591_,10.2
_06961_,10.2
_07031_,10.2
_00359_,10.185
_01231_,10.18
_02632_,10.18
_02881_,10.18
_04495_,10.18
_05795_,10.18
_06301_,10.18
_06936_,10.18
_00988_,10.16
_01712_,10.16
_01761_,10.16
_02605_,10.16
_03285_,10.16
_03697_,10.16
_04385_,10.16
_04446_,10.16
_04609_,10.16
_05027_,10.16
_05146_,10.16
_05838_,10.16
_02598_,10.15
_01261_,10.14
_06985_,10.14
_00028_,10.12
_06634_,10.115
_02371_,10.1
_03172_,10.1
_04884_,10.1
_06683_,10.1
net51,10.1
_02984_,10.095
_06733_,10.095
_00229_,10.08
_01635_,10.08
_02342_,10.08
_02549_,10.08
_02736_,10.08
_03219_,10.08
_03852_,10.08
_05042_,10.08
_05280_,10.08
_05293_,10.08
_06102_,10.08
_06127_,10.08
filter_in[0],10.08
filter_in[11],10.08
acc\[11\]\[30\],10.06
_00903_,10.04
_01105_,10.04
_01665_,10.04
_02482_,10.04
_02977_,10.04
_04298_,10.04
_04540_,10.04
_04834_,10.04
_05072_,10.04
_05839_,10.04
_06090_,10.04
_06781_,10.04
_00260_,10.02
_03158_,10.02
_02024_,10
_02316_,10
_03998_,10
_04941_,10
_05039_,10
_05614_,10
_06885_,10
acc\[12\]\[30\],10
acc\[14\]\[5\],10
_05069_,9.99
_00171_,9.98
_02565_,9.98
_03713_,9.98
_07169_,9.98
_01638_,9.96
_02497_,9.96
_02564_,9.96
_02748_,9.96
_03093_,9.96
_03137_,9.96
_03195_,9.96
_03835_,9.96
_05004_,9.96
_05305_,9.96
_06318_,9.96
_06638_,9.96
_07147_,9.96
_07202_,9.96
_02752_,9.955
_00149_,9.94
_01359_,9.94
_01362_,9.94
_01496_,9.94
_02797_,9.94
_02887_,9.94
_04387_,9.94
_04395_,9.94
_05238_,9.94
_05014_,9.92
_05135_,9.92
_01782_,9.9
_01835_,9.9
_01967_,9.9
_02554_,9.9
_03883_,9.9
_05452_,9.9
_06000_,9.9
_07182_,9.9
_05865_,9.88
_03517_,9.87
_00013_,9.86
_02000_,9.86
_02013_,9.86
_02675_,9.86
_02860_,9.86
_04145_,9.86
_05942_,9.86
net75,9.86
_01277_,9.84
_01977_,9.84
_02387_,9.84
_02400_,9.84
_03605_,9.84
_04257_,9.84
_05322_,9.84
_06946_,9.84
acc\[11\]\[28\],9.84
_00922_,9.82
_01124_,9.82
_01613_,9.82
_01695_,9.82
_02624_,9.82
_05444_,9.82
_06766_,9.82
_07225_,9.82
acc\[7\]\[28\],9.82
_03171_,9.81
_01337_,9.8
_02129_,9.8
_03777_,9.8
_05347_,9.8
_02919_,9.785
_00899_,9.78
_02505_,9.78
_02597_,9.78
_04225_,9.78
_04432_,9.78
acc\[1\]\[4\],9.78
_03271_,9.77
_01266_,9.76
_02541_,9.76
_02591_,9.76
_03160_,9.76
_03642_,9.75
_05612_,9.74
_06449_,9.74
_07163_,9.74
_00996_,9.72
_01241_,9.72
_05108_,9.72
_07226_,9.72
_01135_,9.7
_01436_,9.7
_01803_,9.7
_02148_,9.7
_03104_,9.7
_03403_,9.7
_04131_,9.7
_04409_,9.7
_04985_,9.7
_05607_,9.7
acc\[9\]\[6\],9.69
_01491_,9.68
_02295_,9.68
_04925_,9.68
_00335_,9.665
_00181_,9.66
_00191_,9.66
_00281_,9.66
_00362_,9.66
_01158_,9.66
_02819_,9.66
_03105_,9.66
_06243_,9.66
_04402_,9.64
_06657_,9.64
_01023_,9.62
_01238_,9.62
_01949_,9.62
_02778_,9.62
_04870_,9.62
_00278_,9.6
_03544_,9.6
_04506_,9.6
_04526_,9.6
_01738_,9.58
_01912_,9.58
_02019_,9.58
_04585_,9.58
_05363_,9.58
_05460_,9.58
_06516_,9.58
_06566_,9.58
_06925_,9.58
_00370_,9.56
_01162_,9.56
_02433_,9.56
_05819_,9.56
_02209_,9.54
_07102_,9.54
_04433_,9.535
_00076_,9.52
_01004_,9.52
_02282_,9.52
_04016_,9.52
net66,9.52
_01117_,9.5
_02456_,9.5
_03496_,9.5
_04092_,9.5
_04127_,9.5
_04650_,9.5
_05073_,9.5
_05799_,9.5
_06687_,9.5
_06907_,9.5
_07029_,9.5
_07126_,9.5
acc\[11\]\[6\],9.5
_02049_,9.495
_00210_,9.48
_00279_,9.48
_00393_,9.48
_01348_,9.48
_01557_,9.48
_01714_,9.48
_02067_,9.48
_03134_,9.48
_03375_,9.48
_03804_,9.48
_04331_,9.48
_04521_,9.48
_05030_,9.48
_07207_,9.48
acc\[4\]\[12\],9.47
_02304_,9.46
_05944_,9.46
_06972_,9.46
_00083_,9.44
_00234_,9.44
_01405_,9.44
_01996_,9.44
_05522_,9.44
_01291_,9.42
_01461_,9.42
_02128_,9.42
_05992_,9.42
acc\[6\]\[21\],9.42
_01937_,9.4
_01978_,9.4
_03289_,9.4
_04768_,9.4
_05812_,9.4
_06869_,9.4
_04420_,9.395
_03200_,9.38
_03244_,9.38
_03874_,9.38
_04058_,9.38
_04497_,9.38
_04533_,9.38
_04714_,9.38
_07026_,9.38
_00854_,9.36
_01807_,9.36
_01887_,9.36
_02257_,9.36
_02657_,9.36
_03015_,9.36
_03084_,9.36
_03902_,9.36
_04238_,9.36
_04366_,9.36
_04674_,9.36
_05314_,9.36
_05548_,9.36
_05554_,9.36
_05556_,9.36
_05729_,9.36
_02900_,9.355
_05414_,9.34
_05931_,9.34
_00848_,9.32
_03913_,9.32
_04244_,9.32
_04763_,9.32
_04889_,9.32
_05045_,9.32
acc\[5\]\[28\],9.32
_00192_,9.3
_00607_,9.3
_01581_,9.3
_02684_,9.3
_05766_,9.3
_07001_,9.3
_01639_,9.29
_01927_,9.29
_01098_,9.28
_01611_,9.28
_02333_,9.28
_02644_,9.28
_04736_,9.28
_06348_,9.28
_06590_,9.28
_02789_,9.27
_00961_,9.26
_01845_,9.26
_02510_,9.26
_03235_,9.26
_04507_,9.26
_05178_,9.26
_05432_,9.26
_05571_,9.26
_06731_,9.26
acc\[6\]\[12\],9.26
_01235_,9.24
_01758_,9.24
_02151_,9.24
_03275_,9.24
_03441_,9.24
_04136_,9.24
_04561_,9.24
_04911_,9.24
_05250_,9.24
_05758_,9.24
acc\[2\]\[26\],9.24
_00989_,9.22
_04676_,9.22
rst,9.21
_04054_,9.2
_06295_,9.2
net54,9.18
_01151_,9.16
_01205_,9.16
_01313_,9.16
_01921_,9.16
_02381_,9.16
_02585_,9.16
_03221_,9.16
_04847_,9.16
_05688_,9.16
_06110_,9.16
_06255_,9.16
_06698_,9.16
_00075_,9.14
_00291_,9.14
_01489_,9.14
_02770_,9.14
_04031_,9.14
_01577_,9.12
_01692_,9.12
_02051_,9.12
_02237_,9.12
_03395_,9.12
_03616_,9.12
_04603_,9.12
_04845_,9.12
_05103_,9.12
_05683_,9.12
_06161_,9.12
_06829_,9.12
_06964_,9.12
_00174_,9.1
_01316_,9.1
_06693_,9.1
_04856_,9.09
_00297_,9.08
_03206_,9.08
_05748_,9.08
_06457_,9.08
_07014_,9.08
acc\[14\]\[25\],9.08
_03032_,9.075
_03014_,9.06
_05295_,9.06
_05921_,9.06
acc\[7\]\[7\],9.05
_01071_,9.04
_01723_,9.04
_02377_,9.04
_02653_,9.04
_02764_,9.04
_02989_,9.04
_03343_,9.04
_03404_,9.04
_03756_,9.04
_03985_,9.04
_04263_,9.04
_04599_,9.04
_05561_,9.04
_05740_,9.04
_05972_,9.04
_06103_,9.04
_00096_,9.02
_00212_,9.02
_00790_,9.02
_01047_,9.02
_01445_,9.02
_03678_,9.02
_03986_,9.02
_04772_,9.02
_05277_,9.02
_07051_,9.02
acc\[13\]\[25\],9.02
_01074_,9.015
_04027_,9.015
_01806_,9
_06182_,9
filter_out[16],8.99
filter_out[17],8.99
filter_out[22],8.99
filter_out[24],8.99
_00038_,8.98
_00160_,8.98
_02842_,8.98
_03908_,8.98
_05156_,8.98
_05560_,8.98
net73,8.98
_00050_,8.96
_02164_,8.96
_02623_,8.96
_04190_,8.96
_06204_,8.96
_07087_,8.96
_02030_,8.94
_02440_,8.94
_02825_,8.94
_04745_,8.94
_04758_,8.94
_04878_,8.94
_05026_,8.94
_05232_,8.94
_05503_,8.94
_06924_,8.94
acc\[13\]\[31\],8.94
_04662_,8.93
_00956_,8.92
_01409_,8.92
_01956_,8.92
_02077_,8.92
_02135_,8.92
_03574_,8.92
_05946_,8.92
_06153_,8.92
acc\[7\]\[6\],8.92
_06333_,8.91
_00067_,8.9
_01390_,8.9
_02413_,8.9
_02590_,8.9
_02933_,8.9
_03399_,8.9
_03769_,8.9
_04036_,8.9
_05037_,8.9
_05211_,8.9
_06374_,8.9
_06412_,8.9
_07068_,8.9
_02379_,8.88
_02930_,8.88
_06606_,8.88
acc\[11\]\[18\],8.88
_01174_,8.86
_01198_,8.86
_01218_,8.86
_05245_,8.86
_06075_,8.86
_07137_,8.86
_02987_,8.84
_03299_,8.84
_04378_,8.84
_05818_,8.84
_04007_,8.82
_04258_,8.82
_04732_,8.82
_05216_,8.82
_05443_,8.82
_06928_,8.82
_07116_,8.82
acc\[6\]\[25\],8.82
_01985_,8.8
_02427_,8.8
_02875_,8.8
_05099_,8.8
_06565_,8.8
_07125_,8.8
_00901_,8.78
_02007_,8.78
_02035_,8.78
_02890_,8.78
_03112_,8.78
_03269_,8.78
_03630_,8.78
_03920_,8.78
_04163_,8.78
_05851_,8.78
_06362_,8.78
_07152_,8.78
_04830_,8.77
_00014_,8.74
acc\[14\]\[22\],8.74
acc\[11\]\[8\],8.735
_07242_,8.72
_01182_,8.7
_01990_,8.7
_03351_,8.7
_03593_,8.7
_03805_,8.7
_03892_,8.7
_04053_,8.7
_05461_,8.7
_05595_,8.7
_06083_,8.7
_06706_,8.7
_00148_,8.68
_03080_,8.68
_04494_,8.68
_05386_,8.68
_03010_,8.67
_00879_,8.66
_01768_,8.66
_02892_,8.66
_03039_,8.66
_03717_,8.66
_05459_,8.66
_05908_,8.66
_05772_,8.65
_03345_,8.64
_03523_,8.64
_05670_,8.64
_06484_,8.64
_00124_,8.62
_00135_,8.62
_00173_,8.62
_00887_,8.62
_05730_,8.62
_06308_,8.62
_02794_,8.615
_05448_,8.61
_00904_,8.6
_01450_,8.6
_01876_,8.6
_02540_,8.6
_02983_,8.6
_03788_,8.6
_04076_,8.6
_05741_,8.6
_06192_,8.6
_06305_,8.6
_06895_,8.6
acc\[1\]\[21\],8.6
_01484_,8.58
_01982_,8.58
_03237_,8.58
_03582_,8.58
_03823_,8.58
_04670_,8.58
_04896_,8.58
_05097_,8.58
_05693_,8.58
_06637_,8.58
_00007_,8.56
_00290_,8.56
_01296_,8.56
_02625_,8.56
_02701_,8.56
_02897_,8.56
_03101_,8.56
_04120_,8.56
_04295_,8.56
_04485_,8.56
_05281_,8.56
_05358_,8.56
_05885_,8.56
_06145_,8.56
_06341_,8.56
_06363_,8.56
_06912_,8.56
acc\[0\]\[12\],8.56
acc\[5\]\[4\],8.56
acc\[7\]\[31\],8.56
_01093_,8.555
_00544_,8.55
_00820_,8.55
_00036_,8.54
_03075_,8.54
_04934_,8.54
_05523_,8.54
net46,8.53
_00353_,8.52
_02997_,8.52
_05497_,8.52
acc\[4\]\[6\],8.52
_06122_,8.51
_04013_,8.5
_06569_,8.5
_07098_,8.5
_00905_,8.48
_02991_,8.48
_03273_,8.48
_03296_,8.48
_03858_,8.48
_04696_,8.48
_05107_,8.48
_05190_,8.48
_06111_,8.48
_06230_,8.48
_06371_,8.48
_06772_,8.48
_06826_,8.48
_07091_,8.48
net72,8.48
_02064_,8.46
_02226_,8.46
_04094_,8.46
_04320_,8.46
_05140_,8.46
_06383_,8.46
_06786_,8.46
acc\[13\]\[19\],8.46
_00006_,8.44
_01627_,8.44
_01779_,8.44
_01780_,8.44
_01991_,8.44
_02494_,8.44
_03530_,8.44
_03880_,8.44
_04121_,8.44
_04534_,8.44
_04672_,8.44
_05318_,8.44
_05841_,8.44
_06398_,8.44
_06749_,8.44
_06916_,8.44
_06920_,8.44
_03624_,8.435
_01462_,8.42
_03398_,8.42
_04825_,8.42
_06205_,8.42
_01855_,8.4
_06841_,8.4
_06696_,8.39
_02869_,8.38
_06725_,8.38
_06754_,8.38
_06765_,8.38
_05180_,8.37
_01079_,8.36
_01164_,8.36
_01552_,8.36
_01640_,8.36
_02023_,8.36
_02249_,8.36
_02444_,8.36
_02499_,8.36
_02522_,8.36
_02803_,8.36
_02929_,8.36
_03802_,8.36
_03877_,8.36
_04641_,8.36
_05164_,8.36
_06157_,8.36
_06399_,8.36
_07008_,8.36
_07192_,8.36
_05623_,8.355
_02086_,8.34
_02208_,8.34
_02849_,8.34
_02990_,8.34
_05499_,8.34
_06742_,8.34
_00688_,8.32
_00966_,8.32
_02031_,8.32
_02260_,8.32
_02313_,8.32
_02556_,8.32
_03602_,8.32
_04229_,8.32
_04560_,8.32
_05715_,8.32
_06144_,8.32
net80,8.32
_02916_,8.3
_03023_,8.285
_04394_,8.28
_04947_,8.28
_05639_,8.28
_00003_,8.26
_03575_,8.26
_04808_,8.26
_01127_,8.24
_02245_,8.24
_03059_,8.24
_04245_,8.24
_05479_,8.24
_05656_,8.24
_06241_,8.24
_06386_,8.24
_06571_,8.24
_06879_,8.24
_07220_,8.24
_07057_,8.23
_00017_,8.22
_01278_,8.22
_02138_,8.22
_03111_,8.22
_03719_,8.22
_03778_,8.2
_03949_,8.2
_04185_,8.2
acc\[0\]\[7\],8.2
_00015_,8.18
_00068_,8.18
_01455_,8.18
_00158_,8.16
_00269_,8.16
_01469_,8.16
_02720_,8.16
_03942_,8.16
_05214_,8.16
_01259_,8.14
_01928_,8.14
_04087_,8.14
_04716_,8.14
_04764_,8.14
_05247_,8.14
_05381_,8.14
_05691_,8.14
_06351_,8.14
_06712_,8.14
_06730_,8.14
acc\[2\]\[17\],8.14
net53,8.14
_02613_,8.12
_02870_,8.12
_03590_,8.12
_03693_,8.12
_04160_,8.12
_05478_,8.12
_05723_,8.12
_06035_,8.12
_06495_,8.12
_07010_,8.12
acc\[13\]\[4\],8.12
_00214_,8.1
_00275_,8.1
_01083_,8.1
_01323_,8.1
_01877_,8.1
_02369_,8.1
_02664_,8.1
_02882_,8.1
_02886_,8.1
_03603_,8.1
_04871_,8.1
_05953_,8.1
_06352_,8.1
_06614_,8.1
_06798_,8.1
_07005_,8.1
_07224_,8.1
acc\[3\]\[11\],8.1
_03274_,8.095
_05467_,8.095
_05518_,8.08
acc\[12\]\[22\],8.08
_05825_,8.065
_00059_,8.06
_03924_,8.06
_04022_,8.06
_05515_,8.06
_05535_,8.06
_06461_,8.06
acc\[14\]\[11\],8.06
_00889_,8.04
_01470_,8.04
_01836_,8.04
_02137_,8.04
_03140_,8.04
_03601_,8.04
_04740_,8.04
_05783_,8.04
_06653_,8.04
_00144_,8.02
_00330_,8.02
_01923_,8.02
_02170_,8.02
_02270_,8.02
_03146_,8.02
_03218_,8.02
_03272_,8.02
_03743_,8.02
_04151_,8.02
_04933_,8.02
_04989_,8.02
_05311_,8.02
_05662_,8.02
_05761_,8.02
_06163_,8.02
_06272_,8.02
_06513_,8.02
acc\[12\]\[11\],8.02
_00959_,8
_01938_,8
_03151_,8
_03688_,8
_04678_,8
_06983_,8
_00037_,7.98
_01245_,7.98
_01331_,7.98
_01521_,7.98
_01530_,7.98
_01562_,7.98
_02082_,7.98
_02203_,7.98
_02217_,7.98
_02589_,7.98
_02883_,7.98
_02995_,7.98
_03400_,7.98
_03505_,7.98
_03640_,7.98
_05541_,7.98
_05837_,7.98
_06149_,7.98
_06728_,7.98
acc\[11\]\[11\],7.98
acc\[3\]\[12\],7.98
acc\[5\]\[10\],7.98
_00713_,7.97
_02037_,7.96
_02478_,7.96
_02473_,7.955
_02523_,7.94
_06207_,7.94
_01903_,7.92
_02289_,7.92
_03079_,7.92
_03335_,7.92
_03954_,7.92
_06639_,7.92
_06811_,7.92
_01181_,7.9
_01190_,7.9
_01760_,7.9
_01798_,7.9
_02169_,7.9
_02688_,7.9
_02865_,7.9
_03301_,7.9
_03466_,7.9
_04362_,7.9
_05172_,7.9
_05893_,7.9
_06063_,7.9
_06353_,7.9
_06753_,7.9
acc\[0\]\[5\],7.9
acc\[11\]\[14\],7.9
acc\[13\]\[22\],7.9
_02243_,7.88
_03276_,7.88
_05310_,7.88
_05697_,7.88
_06181_,7.88
_07153_,7.88
_00556_,7.86
_02098_,7.86
_02360_,7.86
_02937_,7.86
_03882_,7.86
_04430_,7.86
_04649_,7.86
_05510_,7.86
_00024_,7.82
_00127_,7.8
_00224_,7.8
_00306_,7.8
_01081_,7.8
_02189_,7.8
_02459_,7.8
_03361_,7.8
_03936_,7.8
_04064_,7.8
_00999_,7.78
_01191_,7.78
_01293_,7.78
_01498_,7.78
_02045_,7.78
_02046_,7.78
_02273_,7.78
_02894_,7.78
_03057_,7.78
_03618_,7.78
_04107_,7.78
_04474_,7.78
_04722_,7.78
_04894_,7.78
_05126_,7.78
_05558_,7.78
_05848_,7.78
_06143_,7.78
_06998_,7.78
acc\[4\]\[9\],7.78
_00012_,7.76
_00092_,7.76
_00108_,7.76
_06535_,7.76
_02451_,7.755
_04873_,7.755
_06666_,7.755
_01315_,7.74
_02183_,7.74
_03181_,7.74
_04113_,7.74
_04192_,7.74
_04639_,7.74
_05131_,7.74
_06419_,7.74
_06779_,7.74
acc\[5\]\[20\],7.74
_00051_,7.725
_00245_,7.72
_00581_,7.72
_04981_,7.7
_06174_,7.7
filter_in[4],7.69
_00101_,7.68
_00906_,7.68
_01415_,7.68
_01446_,7.68
_01591_,7.68
_02945_,7.68
_06066_,7.68
_01396_,7.66
_01565_,7.66
_01772_,7.66
_02749_,7.66
_02992_,7.66
_03117_,7.66
_03156_,7.66
_03385_,7.66
_03542_,7.66
_03978_,7.66
_04038_,7.66
_04551_,7.66
_04876_,7.66
_05007_,7.66
_05371_,7.66
_05645_,7.66
_05663_,7.66
_05734_,7.66
_05760_,7.66
_06359_,7.66
acc\[13\]\[15\],7.66
acc\[6\]\[24\],7.66
_00146_,7.64
_00189_,7.64
_00250_,7.64
_00969_,7.64
_01166_,7.64
_01204_,7.64
_01715_,7.64
_01774_,7.64
_01852_,7.64
_02345_,7.64
_03450_,7.64
_03731_,7.64
_04237_,7.64
_04522_,7.64
_05068_,7.64
_05428_,7.64
_05633_,7.64
_06078_,7.64
_06330_,7.64
_06376_,7.64
_06559_,7.64
acc\[11\]\[7\],7.64
net70,7.64
_02076_,7.62
_02861_,7.62
_03201_,7.62
_05622_,7.62
_06094_,7.62
_01306_,7.615
_00155_,7.6
_00193_,7.6
_00248_,7.6
_00249_,7.6
_03495_,7.6
_04897_,7.6
_05326_,7.6
_05610_,7.6
_06135_,7.6
_06171_,7.6
_02312_,7.585
_01687_,7.58
_02689_,7.58
_04014_,7.58
_06194_,7.58
_06302_,7.58
_00285_,7.56
_01518_,7.56
_02498_,7.56
_02534_,7.56
_02868_,7.56
_03599_,7.56
_03801_,7.56
_04475_,7.56
_04957_,7.56
_05061_,7.56
_05096_,7.56
_05233_,7.56
_05404_,7.56
_05585_,7.56
_05752_,7.56
_05870_,7.56
_05985_,7.56
_06447_,7.56
_06452_,7.56
_06685_,7.56
_06910_,7.56
acc\[1\]\[25\],7.56
_00869_,7.54
_02154_,7.54
_03508_,7.54
_03573_,7.54
_04953_,7.54
_00860_,7.52
_00912_,7.52
_01604_,7.52
_02050_,7.52
_02174_,7.52
_02194_,7.52
_03382_,7.52
_03388_,7.52
_04182_,7.52
_04577_,7.52
_04633_,7.52
_04832_,7.52
_05136_,7.52
_05480_,7.52
_05862_,7.52
_05991_,7.52
_06381_,7.52
_06619_,7.52
_06669_,7.52
_05179_,7.5
_05477_,7.5
_05888_,7.5
_00021_,7.48
_01038_,7.48
_02008_,7.48
net48,7.47
_01888_,7.46
_02409_,7.46
_02442_,7.46
_03126_,7.46
_04557_,7.46
_06734_,7.46
_00643_,7.44
_01288_,7.44
_01703_,7.44
_01972_,7.44
_02264_,7.44
_02610_,7.44
_02792_,7.44
_02972_,7.44
_03019_,7.44
_03739_,7.44
_03850_,7.44
_04518_,7.44
_05101_,7.44
_05892_,7.44
_06459_,7.44
_06612_,7.44
_06723_,7.44
_06906_,7.44
_07006_,7.44
_07199_,7.44
acc\[11\]\[24\],7.44
acc\[5\]\[11\],7.44
_00664_,7.42
_01867_,7.42
_02384_,7.42
_03270_,7.42
_04261_,7.42
_06756_,7.42
_06887_,7.42
_02801_,7.4
_02975_,7.4
_03502_,7.4
_06922_,7.4
_03834_,7.38
_00405_,7.37
_03317_,7.37
_06858_,7.36
_00058_,7.34
_03180_,7.34
_03792_,7.34
_03812_,7.34
_04391_,7.34
_04771_,7.34
_07124_,7.34
_02133_,7.335
_01116_,7.32
_01138_,7.32
_02162_,7.32
_02248_,7.32
_02252_,7.32
_02485_,7.32
_02562_,7.32
_03503_,7.32
_03587_,7.32
_03662_,7.32
_03966_,7.32
_04292_,7.32
_04880_,7.32
_04948_,7.32
_05243_,7.32
_06325_,7.32
_06470_,7.32
_06632_,7.32
_06969_,7.32
acc\[11\]\[15\],7.32
acc\[9\]\[11\],7.32
_07032_,7.315
acc\[5\]\[6\],7.315
_00384_,7.3
_01154_,7.3
_03166_,7.3
_04464_,7.3
_05331_,7.3
_07171_,7.3
_05117_,7.29
_06967_,7.29
_01203_,7.28
_01645_,7.28
_02211_,7.28
_02365_,7.28
_02559_,7.28
_03132_,7.28
_03435_,7.28
_03489_,7.28
_05082_,7.28
_05384_,7.28
_05446_,7.28
_06132_,7.28
_00041_,7.26
_00047_,7.26
_00811_,7.26
_04652_,7.25
_00129_,7.24
_01523_,7.24
_00256_,7.22
_01395_,7.22
_01537_,7.22
_02225_,7.22
_02829_,7.22
_03704_,7.22
_04148_,7.22
_04173_,7.22
_04638_,7.22
_04706_,7.22
_04711_,7.22
_05169_,7.22
_05260_,7.22
_05699_,7.22
_05995_,7.22
_06175_,7.22
_07205_,7.22
net67,7.22
_01072_,7.2
_01144_,7.2
_01255_,7.2
_01930_,7.2
_02674_,7.2
_02787_,7.2
_03136_,7.2
_03229_,7.2
_04228_,7.2
_04422_,7.2
_04455_,7.2
_04610_,7.2
_05095_,7.2
_05113_,7.2
_05304_,7.2
_06284_,7.2
_06313_,7.2
_06455_,7.2
_06494_,7.2
_06532_,7.2
_03475_,7.19
_00018_,7.18
_00170_,7.18
_00172_,7.18
_00301_,7.18
_03438_,7.18
_03970_,7.18
_03975_,7.18
_04059_,7.18
_04447_,7.18
_04952_,7.18
_05547_,7.18
_06280_,7.18
_06360_,7.18
_06690_,7.18
acc\[14\]\[19\],7.18
_02075_,7.16
_01020_,7.155
_04900_,7.14
_06246_,7.14
_01285_,7.12
_03473_,7.12
_03581_,7.12
_05015_,7.12
_05805_,7.12
_06635_,7.12
_06828_,7.12
_00154_,7.1
_00888_,7.1
_01099_,7.1
_01140_,7.1
_01168_,7.1
_01189_,7.1
_01905_,7.1
_02239_,7.1
_03003_,7.1
_03239_,7.1
_03363_,7.1
_03492_,7.1
_03728_,7.1
_03837_,7.1
_04421_,7.1
_04798_,7.1
_04978_,7.1
_05081_,7.1
_05121_,7.1
_05345_,7.1
_05621_,7.1
_05690_,7.1
_00286_,7.08
_01145_,7.08
_01459_,7.08
_01685_,7.08
_03064_,7.08
_03281_,7.08
_03900_,7.08
_04779_,7.08
_05148_,7.08
_05572_,7.08
_05628_,7.08
_06156_,7.08
_06867_,7.08
acc\[6\]\[16\],7.08
_01005_,7.06
_01549_,7.06
_01694_,7.06
_01793_,7.06
_01858_,7.06
_01986_,7.06
_02329_,7.06
_02617_,7.06
_02824_,7.06
_03041_,7.06
_03901_,7.06
_04236_,7.06
_04886_,7.06
_05010_,7.06
_05102_,7.06
_05262_,7.06
_05369_,7.06
_05394_,7.06
_05468_,7.06
_05714_,7.06
_05976_,7.06
_06062_,7.06
_06093_,7.06
_06172_,7.06
_06239_,7.06
_06472_,7.06
_06919_,7.06
_07044_,7.06
acc\[7\]\[16\],7.06
_06304_,7.04
_01110_,7.02
_02595_,7.01
filter_in[1],7.01
_01511_,7
_02231_,7
_02622_,7
_03045_,7
_06604_,7
_00895_,6.98
_01585_,6.98
_02283_,6.98
_02854_,6.98
_03122_,6.98
_03277_,6.98
_03330_,6.98
_04359_,6.98
_04624_,6.98
_04719_,6.98
_04907_,6.98
_04998_,6.98
_05780_,6.98
_05872_,6.98
_06214_,6.98
_06389_,6.98
_06474_,6.98
_06702_,6.98
_01475_,6.96
_01648_,6.96
_03830_,6.96
_05442_,6.96
_05475_,6.96
_06010_,6.96
_06818_,6.96
_00881_,6.94
_01051_,6.94
_03127_,6.94
_04653_,6.94
_06562_,6.94
_01751_,6.935
_00796_,6.91
_00151_,6.905
_02921_,6.885
_00262_,6.88
_01150_,6.88
_01770_,6.88
_02310_,6.88
_02633_,6.88
_04318_,6.88
_04461_,6.88
_05823_,6.88
_00252_,6.86
_00292_,6.86
_03397_,6.86
_03520_,6.86
_03700_,6.86
_03938_,6.86
_04591_,6.86
_04600_,6.86
_04631_,6.86
_04668_,6.86
_04857_,6.86
_05220_,6.86
_06661_,6.86
_00317_,6.84
_03017_,6.82
_03529_,6.82
_04078_,6.82
_04221_,6.82
_05357_,6.82
_06380_,6.82
_06746_,6.82
_06903_,6.82
_02322_,6.81
_00475_,6.8
_00202_,6.78
_01352_,6.78
_01805_,6.78
_05242_,6.78
_05648_,6.78
_05981_,6.78
_07040_,6.78
_07144_,6.78
_07183_,6.78
_07234_,6.78
acc\[13\]\[17\],6.78
_01381_,6.76
_01924_,6.76
_02293_,6.76
_02380_,6.76
_03396_,6.76
_03430_,6.76
_03533_,6.76
_03848_,6.76
_04562_,6.76
_06894_,6.76
_07022_,6.76
acc\[0\]\[22\],6.76
acc\[13\]\[21\],6.76
acc\[13\]\[8\],6.76
_01623_,6.74
_02728_,6.74
_03222_,6.74
_03313_,6.74
_03484_,6.74
_03794_,6.74
_04024_,6.74
_04138_,6.74
_04176_,6.74
_04541_,6.74
_04586_,6.74
_04855_,6.74
_05791_,6.74
_05968_,6.74
_06232_,6.74
_06694_,6.74
_06715_,6.74
_06886_,6.74
_00116_,6.72
_00236_,6.72
_00241_,6.72
_00843_,6.72
_01675_,6.72
_01707_,6.72
_01802_,6.72
_01922_,6.72
_02124_,6.72
_02325_,6.72
_02963_,6.72
_03418_,6.72
_03597_,6.72
_03953_,6.72
_04104_,6.72
_04152_,6.72
_04459_,6.72
_04809_,6.72
_04833_,6.72
_05123_,6.72
_05236_,6.72
_05300_,6.72
_05506_,6.72
_05747_,6.72
_05828_,6.72
_06028_,6.72
_06219_,6.72
_06294_,6.72
_06502_,6.72
_06737_,6.72
_06773_,6.72
_06911_,6.72
_07175_,6.72
acc\[13\]\[7\],6.72
acc\[14\]\[9\],6.72
acc\[4\]\[31\],6.72
_05617_,6.7
_01814_,6.67
_01265_,6.66
_01341_,6.66
_01490_,6.66
_02691_,6.66
_02759_,6.66
_03452_,6.66
_03564_,6.66
_04423_,6.66
_04703_,6.66
_05706_,6.66
_06115_,6.66
_06750_,6.66
_07082_,6.66
_00642_,6.65
_05065_,6.65
_00949_,6.64
_01133_,6.64
_01169_,6.64
_01369_,6.64
_01525_,6.64
_01970_,6.64
_02122_,6.64
_02223_,6.64
_02712_,6.64
_02723_,6.64
_02834_,6.64
_03341_,6.64
_03584_,6.64
_03638_,6.64
_03787_,6.64
_04256_,6.64
_04296_,6.64
_05104_,6.64
_05941_,6.64
_06018_,6.64
_06209_,6.64
_06481_,6.64
_06697_,6.64
_06899_,6.64
_07021_,6.64
_07130_,6.64
acc\[6\]\[13\],6.64
_01155_,6.62
_02206_,6.62
_02457_,6.62
_03754_,6.62
_04677_,6.62
_04837_,6.62
_05493_,6.62
_05869_,6.62
_05924_,6.62
_06631_,6.62
_00877_,6.6
_01130_,6.6
_01663_,6.6
_01718_,6.6
_01737_,6.6
_02103_,6.6
_02253_,6.6
_04429_,6.6
_04483_,6.6
_04956_,6.6
_05380_,6.6
_05682_,6.6
_05788_,6.6
_05820_,6.6
_05930_,6.6
_06026_,6.6
_06952_,6.6
_07222_,6.6
acc\[11\]\[9\],6.6
acc\[13\]\[11\],6.6
_05413_,6.59
_03205_,6.585
_00428_,6.57
_00835_,6.57
_02628_,6.57
filter_in[12],6.55
_01211_,6.54
_02034_,6.54
_02658_,6.54
_02967_,6.54
_03139_,6.54
_04177_,6.54
_05553_,6.54
_05792_,6.54
_06105_,6.54
_06954_,6.54
_07066_,6.54
_01493_,6.52
_01500_,6.52
_02146_,6.52
_02480_,6.52
_02856_,6.52
_03081_,6.52
_03673_,6.52
_04314_,6.52
_04501_,6.52
_04530_,6.52
_04684_,6.52
_05241_,6.52
_05507_,6.52
_05632_,6.52
_05635_,6.52
_06037_,6.52
_06074_,6.52
_06197_,6.52
_06727_,6.52
_07038_,6.52
_00771_,6.5
_04477_,6.5
_06454_,6.5
_06748_,6.5
_07122_,6.5
_04693_,6.49
_00304_,6.48
_01528_,6.48
_03217_,6.48
_05333_,6.48
_06462_,6.48
_00677_,6.45
filter_out[9],6.45
_05492_,6.44
_00327_,6.42
_00328_,6.42
_01799_,6.42
_02298_,6.42
_03310_,6.42
_04049_,6.42
_07104_,6.42
_02985_,6.41
_00143_,6.4
_01108_,6.4
_01666_,6.4
_01670_,6.4
_01868_,6.4
_02012_,6.4
_02301_,6.4
_02741_,6.4
_02802_,6.4
_03007_,6.4
_03049_,6.4
_03425_,6.4
_03453_,6.4
_03867_,6.4
_04480_,6.4
_04565_,6.4
_04568_,6.4
_04616_,6.4
_04759_,6.4
_04892_,6.4
_05044_,6.4
_05122_,6.4
_05128_,6.4
_05775_,6.4
_05802_,6.4
_05874_,6.4
_06165_,6.4
_06857_,6.4
_00039_,6.38
_00145_,6.38
_00374_,6.38
_00765_,6.38
_01494_,6.38
_05271_,6.38
_04436_,6.37
_00857_,6.36
_04516_,6.36
_06303_,6.36
_06563_,6.36
acc\[10\]\[7\],6.355
_02798_,6.335
_00300_,6.32
_02328_,6.32
_02425_,6.32
_02926_,6.32
_03653_,6.32
_03772_,6.32
_03839_,6.32
_04975_,6.32
_05152_,6.32
_05744_,6.32
_06300_,6.32
_07106_,6.32
_02616_,6.315
_00227_,6.3
_00270_,6.3
_00287_,6.3
_01210_,6.3
_01290_,6.3
_02191_,6.3
_02566_,6.3
_02629_,6.3
_03116_,6.3
_03342_,6.3
_03347_,6.3
_03468_,6.3
_04114_,6.3
_04784_,6.3
_05225_,6.3
_05407_,6.3
_05434_,6.3
_05542_,6.3
_05753_,6.3
_05880_,6.3
_05996_,6.3
_06057_,6.3
_06125_,6.3
_06350_,6.3
_06581_,6.3
_07178_,6.3
_02812_,6.29
_05735_,6.29
_00938_,6.28
_02079_,6.28
_02418_,6.28
_03381_,6.28
_04924_,6.28
_06355_,6.28
_06361_,6.28
_06375_,6.28
_06932_,6.28
_00293_,6.26
_00316_,6.26
_01126_,6.26
_02001_,6.26
_02102_,6.26
_02171_,6.26
_02416_,6.26
_02739_,6.26
_03585_,6.26
_04270_,6.26
_04289_,6.26
_04345_,6.26
_04456_,6.26
_04644_,6.26
_05049_,6.26
_05168_,6.26
_05194_,6.26
_05316_,6.26
_05707_,6.26
_06089_,6.26
_06222_,6.26
_06233_,6.26
_06926_,6.26
acc\[14\]\[29\],6.26
_01466_,6.235
_01512_,6.2
_02550_,6.2
_02775_,6.2
_03024_,6.2
_03230_,6.2
_03446_,6.2
_03478_,6.2
_04490_,6.2
_05895_,6.2
_06312_,6.2
_07092_,6.2
acc\[6\]\[15\],6.2
_00908_,6.18
_00983_,6.18
_01321_,6.18
_01407_,6.18
_01907_,6.18
_02015_,6.18
_02139_,6.18
_02241_,6.18
_02315_,6.18
_02358_,6.18
_02401_,6.18
_02665_,6.18
_02902_,6.18
_03002_,6.18
_03683_,6.18
_03957_,6.18
_04011_,6.18
_04123_,6.18
_04169_,6.18
_04246_,6.18
_04307_,6.18
_04498_,6.18
_04524_,6.18
_04575_,6.18
_04813_,6.18
_04822_,6.18
_05116_,6.18
_05192_,6.18
_05328_,6.18
_05383_,6.18
_05429_,6.18
_05451_,6.18
_05483_,6.18
_05598_,6.18
_05943_,6.18
_06095_,6.18
_06098_,6.18
_06200_,6.18
_06349_,6.18
_06720_,6.18
_07099_,6.18
acc\[0\]\[11\],6.18
acc\[6\]\[30\],6.18
_00258_,6.16
_03657_,6.16
_03738_,6.16
_05771_,6.16
_06085_,6.16
_06761_,6.16
_00008_,6.145
_00378_,6.14
_00926_,6.14
_00936_,6.14
_00944_,6.14
_01034_,6.14
_01161_,6.14
_01237_,6.14
_01364_,6.14
_01371_,6.14
_01609_,6.14
_01626_,6.14
_02014_,6.14
_02176_,6.14
_02455_,6.14
_03474_,6.14
_03876_,6.14
_04344_,6.14
_04437_,6.14
_04545_,6.14
_04885_,6.14
_05325_,6.14
_05339_,6.14
_05676_,6.14
_06131_,6.14
_06170_,6.14
_06442_,6.14
_06790_,6.14
_07189_,6.14
_03669_,6.115
filter_out[21],6.11
filter_out[8],6.11
_01636_,6.08
_01710_,6.08
_02524_,6.08
_02530_,6.08
_03546_,6.08
_03580_,6.08
_04663_,6.08
_05581_,6.08
_06100_,6.08
_06139_,6.08
_06379_,6.08
acc\[12\]\[21\],6.08
_00485_,6.07
_00061_,6.06
_00095_,6.06
_00131_,6.06
_00933_,6.06
_00955_,6.06
_01021_,6.06
_01112_,6.06
_01589_,6.06
_01748_,6.06
_01957_,6.06
_01968_,6.06
_02286_,6.06
_02344_,6.06
_02772_,6.06
_03013_,6.06
_03288_,6.06
_04260_,6.06
_04415_,6.06
_04488_,6.06
_04743_,6.06
_04882_,6.06
_05050_,6.06
_05600_,6.06
_05786_,6.06
_05829_,6.06
_05939_,6.06
_05975_,6.06
_05984_,6.06
_06016_,6.06
_06548_,6.06
_06937_,6.06
_07013_,6.06
acc\[11\]\[5\],6.06
acc\[6\]\[19\],6.06
_02669_,6.04
_04454_,6.04
_05334_,6.04
_00030_,6.02
_00356_,6.02
_00560_,6.02
_00759_,6.02
_00812_,6.02
_00834_,6.02
_04372_,6.02
_06041_,6.02
_06711_,5.98
_00203_,5.96
_00240_,5.96
_00352_,5.96
_02936_,5.96
_03179_,5.96
_04159_,5.96
_05864_,5.96
acc\[1\]\[15\],5.95
_00390_,5.945
_00872_,5.94
_01041_,5.94
_01426_,5.94
_01963_,5.94
_02570_,5.94
_03068_,5.94
_03716_,5.94
_03808_,5.94
_04702_,5.94
_04862_,5.94
_04990_,5.94
_05020_,5.94
_05567_,5.94
_05611_,5.94
_05629_,5.94
_05653_,5.94
_05959_,5.94
_06088_,5.94
_07025_,5.94
_00045_,5.92
_00060_,5.92
_00303_,5.92
_05732_,5.92
_00672_,5.91
_06956_,5.9
_00794_,5.89
filter_in[6],5.87
_00924_,5.86
_00990_,5.86
_01289_,5.86
_02242_,5.86
_02247_,5.86
_03675_,5.86
_03705_,5.86
_04047_,5.86
_04277_,5.86
_04788_,5.86
_04973_,5.86
_05587_,5.86
_05644_,5.86
_05704_,5.86
_07200_,5.86
_00472_,5.85
_00640_,5.85
_00284_,5.84
_00326_,5.84
_00332_,5.84
_01006_,5.84
_01212_,5.84
_01385_,5.84
_01501_,5.84
_01820_,5.84
_02104_,5.84
_02835_,5.84
_02913_,5.84
_02978_,5.84
_03004_,5.84
_03428_,5.84
_03528_,5.84
_03793_,5.84
_03951_,5.84
_03984_,5.84
_04037_,5.84
_04342_,5.84
_04846_,5.84
_04895_,5.84
_04965_,5.84
_05074_,5.84
_05083_,5.84
_05088_,5.84
_05530_,5.84
_05738_,5.84
_05785_,5.84
_06118_,5.84
_06151_,5.84
_06498_,5.84
_06680_,5.84
_06681_,5.84
_06819_,5.84
_07084_,5.84
_07186_,5.84
acc\[0\]\[20\],5.84
acc\[12\]\[8\],5.84
acc\[14\]\[24\],5.84
acc\[14\]\[8\],5.84
acc\[6\]\[14\],5.84
acc\[6\]\[18\],5.84
_04710_,5.83
_00883_,5.82
_00951_,5.82
_03216_,5.82
_04278_,5.82
_06672_,5.82
_07078_,5.82
acc\[10\]\[16\],5.82
_00179_,5.8
_00886_,5.8
_01335_,5.8
_01554_,5.8
_01584_,5.8
_01721_,5.8
_02111_,5.8
_02696_,5.8
_02815_,5.8
_03500_,5.8
_03963_,5.8
_04479_,5.8
_04753_,5.8
_04949_,5.8
_05011_,5.8
_05034_,5.8
_05395_,5.8
_05398_,5.8
_06038_,5.8
_06060_,5.8
_06071_,5.8
_06523_,5.8
_06732_,5.8
acc\[13\]\[10\],5.8
acc\[14\]\[4\],5.78
filter_out[30],5.77
_00786_,5.75
_03709_,5.74
_04377_,5.74
_04625_,5.74
_04883_,5.74
_05481_,5.74
_05701_,5.74
acc\[4\]\[16\],5.74
_03676_,5.73
_00254_,5.72
_01019_,5.72
_01171_,5.72
_01172_,5.72
_01233_,5.72
_01410_,5.72
_01420_,5.72
_01866_,5.72
_01941_,5.72
_02041_,5.72
_02606_,5.72
_02651_,5.72
_02809_,5.72
_03727_,5.72
_04414_,5.72
_04547_,5.72
_04637_,5.72
_04914_,5.72
_05009_,5.72
_05036_,5.72
_05142_,5.72
_05259_,5.72
_05282_,5.72
_05527_,5.72
_05575_,5.72
_05677_,5.72
_06329_,5.72
_06393_,5.72
_06460_,5.72
_06679_,5.72
_06707_,5.72
_06780_,5.72
_06782_,5.72
_06823_,5.72
_06832_,5.72
_07111_,5.72
_07128_,5.72
_07196_,5.72
acc\[0\]\[8\],5.72
acc\[13\]\[6\],5.72
acc\[6\]\[7\],5.72
net65,5.72
_01129_,5.7
_02353_,5.7
_06580_,5.7
_01708_,5.68
_02821_,5.68
_02996_,5.68
_03196_,5.68
_03518_,5.68
_05118_,5.68
_05125_,5.68
_05209_,5.68
_05222_,5.68
_05296_,5.68
_05502_,5.68
_05933_,5.68
_06017_,5.68
_06162_,5.68
_06190_,5.68
_06297_,5.68
_06582_,5.68
_06642_,5.68
_06908_,5.68
acc\[11\]\[10\],5.68
acc\[1\]\[9\],5.68
acc\[5\]\[16\],5.68
_00271_,5.62
_03589_,5.62
_03911_,5.62
_05274_,5.62
_05455_,5.62
_07112_,5.62
acc\[13\]\[13\],5.62
_00691_,5.6
_00804_,5.6
_00980_,5.6
_01132_,5.6
_01401_,5.6
_02158_,5.6
_02352_,5.6
_02393_,5.6
_02410_,5.6
_02520_,5.6
_02579_,5.6
_02761_,5.6
_03157_,5.6
_03242_,5.6
_03348_,5.6
_03526_,5.6
_03572_,5.6
_04050_,5.6
_04086_,5.6
_04500_,5.6
_04566_,5.6
_04647_,5.6
_04850_,5.6
_04954_,5.6
_05091_,5.6
_05516_,5.6
_06234_,5.6
_06437_,5.6
_06901_,5.6
_07184_,5.6
_00781_,5.58
_03354_,5.58
_04727_,5.58
_05709_,5.58
_07123_,5.58
_00090_,5.56
_00417_,5.56
_00466_,5.56
_00593_,5.56
_00599_,5.56
_00684_,5.56
_06154_,5.56
_00334_,5.52
_06081_,5.52
_07119_,5.52
_00098_,5.5
_00169_,5.5
_00391_,5.5
_00732_,5.5
_00724_,5.48
_02394_,5.48
_02504_,5.48
_02931_,5.48
_03164_,5.48
_04242_,5.48
_04869_,5.48
_05374_,5.48
_05488_,5.48
_05578_,5.48
_05998_,5.48
_06629_,5.48
_06970_,5.48
acc\[6\]\[11\],5.48
_00266_,5.46
_00351_,5.46
_00363_,5.46
_03359_,5.46
_05338_,5.46
_05089_,5.45
_01566_,5.435
_00344_,5.4
_00349_,5.4
_01192_,5.4
_01311_,5.4
_01319_,5.4
_01431_,5.4
_02060_,5.4
_02119_,5.4
_02599_,5.4
_03050_,5.4
_03922_,5.4
_04739_,5.4
_04923_,5.4
_05955_,5.4
_06475_,5.4
_07034_,5.4
_07227_,5.4
net62,5.4
_00785_,5.39
_00137_,5.385
_00123_,5.38
_00973_,5.38
_01678_,5.38
_01699_,5.38
_01827_,5.38
_01911_,5.38
_01976_,5.38
_02372_,5.38
_02412_,5.38
_02529_,5.38
_02738_,5.38
_02840_,5.38
_02893_,5.38
_03226_,5.38
_03378_,5.38
_03561_,5.38
_03591_,5.38
_03889_,5.38
_04399_,5.38
_04971_,5.38
_05124_,5.38
_05855_,5.38
_05945_,5.38
_06114_,5.38
_06180_,5.38
_06203_,5.38
_06695_,5.38
_06760_,5.38
_06878_,5.38
_06979_,5.38
acc\[11\]\[31\],5.38
net52,5.38
_01616_,5.36
_02544_,5.36
_02954_,5.36
_03506_,5.36
_03565_,5.36
_03748_,5.36
_03925_,5.36
_04090_,5.36
_04355_,5.36
_04623_,5.36
_05093_,5.36
_06718_,5.36
_00087_,5.34
_00190_,5.34
_00220_,5.34
_00277_,5.34
_00368_,5.34
_01644_,5.34
_02224_,5.34
_03416_,5.34
_03569_,5.34
_04386_,5.34
_04841_,5.34
_05471_,5.34
_05597_,5.34
_05887_,5.34
_06030_,5.34
_06224_,5.34
_06432_,5.34
_06552_,5.34
_06649_,5.34
_07172_,5.34
_00456_,5.33
_00682_,5.33
_05765_,5.33
_01252_,5.28
_01669_,5.28
_02029_,5.28
_02319_,5.28
_02710_,5.28
_02746_,5.28
_02780_,5.28
_02791_,5.28
_03644_,5.28
_04669_,5.28
_04735_,5.28
_05491_,5.28
_05625_,5.28
_05724_,5.28
_06008_,5.28
_06659_,5.28
_06835_,5.28
_07015_,5.28
_07075_,5.28
_00029_,5.26
_00373_,5.26
_00874_,5.26
_01094_,5.26
_01200_,5.26
_01739_,5.26
_01983_,5.26
_02201_,5.26
_02263_,5.26
_02481_,5.26
_02604_,5.26
_03456_,5.26
_03465_,5.26
_03470_,5.26
_03629_,5.26
_03639_,5.26
_03907_,5.26
_03912_,5.26
_03931_,5.26
_03964_,5.26
_04004_,5.26
_04029_,5.26
_04140_,5.26
_04282_,5.26
_04682_,5.26
_05090_,5.26
_05133_,5.26
_05412_,5.26
_05426_,5.26
_05508_,5.26
_05564_,5.26
_06007_,5.26
_06065_,5.26
_06069_,5.26
_06299_,5.26
_06673_,5.26
_06738_,5.26
_06793_,5.26
_07053_,5.26
acc\[7\]\[4\],5.26
_02704_,5.24
_03119_,5.24
_03846_,5.24
_04520_,5.24
_00398_,5.22
_00940_,5.22
_01752_,5.22
_01908_,5.22
_02557_,5.22
_02649_,5.22
_02966_,5.22
_03061_,5.22
_03504_,5.22
_03926_,5.22
_04264_,5.22
_04276_,5.22
_04316_,5.22
_05100_,5.22
_05189_,5.22
_05294_,5.22
_05324_,5.22
_05376_,5.22
_05396_,5.22
_05457_,5.22
_05519_,5.22
_05894_,5.22
_05934_,5.22
_06296_,5.22
_06315_,5.22
_06429_,5.22
_06510_,5.22
_06538_,5.22
_06648_,5.22
_01987_,5.21
_01561_,5.16
_02806_,5.16
_03236_,5.16
_03461_,5.16
_03558_,5.16
_05555_,5.16
_06140_,5.16
_06425_,5.16
_07167_,5.16
_06528_,5.155
_00367_,5.14
_01367_,5.14
_01404_,5.14
_01625_,5.14
_02016_,5.14
_02284_,5.14
_02288_,5.14
_02536_,5.14
_02718_,5.14
_03147_,5.14
_03325_,5.14
_03730_,5.14
_03796_,5.14
_04042_,5.14
_05269_,5.14
_05672_,5.14
_05853_,5.14
_06064_,5.14
_06392_,5.14
_07045_,5.14
_07052_,5.14
_00439_,5.1
_00509_,5.1
_00707_,5.1
_05517_,5.1
_05973_,5.1
_00072_,5.065
_00364_,5.065
_05319_,5.06
_05549_,5.06
_06339_,5.06
acc\[14\]\[15\],5.06
_05018_,5.04
_00125_,5.02
_01000_,5.02
_01139_,5.02
_01221_,5.02
_01564_,5.02
_01697_,5.02
_02228_,5.02
_02744_,5.02
_02962_,5.02
_04993_,5.02
_05312_,5.02
acc\[6\]\[4\],5.02
_00005_,5
_00040_,5
_00164_,5
_00235_,5
_00257_,5
_00343_,5
_07033_,4.99
_00629_,4.985
_02490_,4.985
_02493_,4.975
_00659_,4.97
_00821_,4.97
_01830_,4.97
_04097_,4.96
_00104_,4.94
_00122_,4.94
_00231_,4.94
_01307_,4.94
_01728_,4.94
_02476_,4.94
_02593_,4.94
_02994_,4.94
_03099_,4.94
_03357_,4.94
_03723_,4.94
_03763_,4.94
_03916_,4.94
_04297_,4.94
_04351_,4.94
_04527_,4.94
_04749_,4.94
_04939_,4.94
_05066_,4.94
_05177_,4.94
_05875_,4.94
_06870_,4.94
_06897_,4.94
_07148_,4.94
_07239_,4.94
_00702_,4.93
_00085_,4.92
_00133_,4.92
_00247_,4.92
_00302_,4.92
_00346_,4.92
_01024_,4.92
_01080_,4.92
_01118_,4.92
_01142_,4.92
_01194_,4.92
_01394_,4.92
_01427_,4.92
_01766_,4.92
_01773_,4.92
_02006_,4.92
_02323_,4.92
_02526_,4.92
_02779_,4.92
_03458_,4.92
_04002_,4.92
_04015_,4.92
_04101_,4.92
_04193_,4.92
_04194_,4.92
_04313_,4.92
_04492_,4.92
_04643_,4.92
_04872_,4.92
_05085_,4.92
_05733_,4.92
_05773_,4.92
_05832_,4.92
_05843_,4.92
_05884_,4.92
_05897_,4.92
_06126_,4.92
_06184_,4.92
_06259_,4.92
_06536_,4.92
_06678_,4.92
_06719_,4.92
_06965_,4.92
_07047_,4.92
_07115_,4.92
_07204_,4.92
acc\[10\]\[21\],4.92
_02261_,4.9
_02300_,4.9
_05137_,4.9
_05909_,4.9
_00046_,4.88
_00201_,4.88
_00964_,4.88
_01366_,4.88
_01434_,4.88
_01932_,4.88
_02155_,4.88
_03182_,4.88
_03990_,4.88
_04026_,4.88
_04030_,4.88
_04299_,4.88
_04330_,4.88
_04343_,4.88
_04346_,4.88
_04851_,4.88
_05418_,4.88
_05736_,4.88
_06003_,4.88
_06027_,4.88
_06237_,4.88
_06282_,4.88
_06288_,4.88
_06524_,4.88
_06896_,4.88
_07019_,4.88
_00748_,4.87
filter_in[7],4.85
filter_in[8],4.85
_01058_,4.845
_05720_,4.84
_01747_,4.82
_02134_,4.82
_03264_,4.82
_03268_,4.82
_03620_,4.82
_04046_,4.82
_04754_,4.82
_04781_,4.82
_05019_,4.82
_05110_,4.82
_05392_,4.82
_05589_,4.82
_05593_,4.82
_06277_,4.82
_06373_,4.82
_06744_,4.82
acc\[4\]\[14\],4.82
_00070_,4.8
_01160_,4.8
_01223_,4.8
_01534_,4.8
_01658_,4.8
_02044_,4.8
_02140_,4.8
_02366_,4.8
_02525_,4.8
_02626_,4.8
_02844_,4.8
_02974_,4.8
_03118_,4.8
_03224_,4.8
_03261_,4.8
_03476_,4.8
_03501_,4.8
_03563_,4.8
_03607_,4.8
_03628_,4.8
_03895_,4.8
_03958_,4.8
_04156_,4.8
_04265_,4.8
_04275_,4.8
_04400_,4.8
_04656_,4.8
_04721_,4.8
_04799_,4.8
_04879_,4.8
_05067_,4.8
_05134_,4.8
_05205_,4.8
_05365_,4.8
_05420_,4.8
_05474_,4.8
_05528_,4.8
_05877_,4.8
_05937_,4.8
_05990_,4.8
_06167_,4.8
_06307_,4.8
_06394_,4.8
_06493_,4.8
_06507_,4.8
_06541_,4.8
_06589_,4.8
_06651_,4.8
_06705_,4.8
_06743_,4.8
_06812_,4.8
_06856_,4.8
_06968_,4.8
_01460_,4.79
_02198_,4.78
_03173_,4.78
_03279_,4.78
_05716_,4.775
_00052_,4.765
_00109_,4.765
_01042_,4.76
_01572_,4.76
_01696_,4.76
_02464_,4.76
_03203_,4.76
_03893_,4.76
_03933_,4.76
_04303_,4.76
_04556_,4.76
_04595_,4.76
_05302_,4.76
_06261_,4.76
_06263_,4.76
_06265_,4.76
_07107_,4.76
acc\[1\]\[22\],4.76
acc\[2\]\[15\],4.76
acc\[6\]\[9\],4.76
_00792_,4.73
_01167_,4.7
_01831_,4.7
_02074_,4.7
_02979_,4.7
_04755_,4.7
_04774_,4.7
_05166_,4.7
_05463_,4.7
_05718_,4.7
_07072_,4.7
_07165_,4.7
_00253_,4.68
_00493_,4.68
_00520_,4.68
_00559_,4.68
_00591_,4.68
_00604_,4.68
_00722_,4.68
_01463_,4.68
_01571_,4.68
_01605_,4.68
_01906_,4.68
_01918_,4.68
_02415_,4.68
_02507_,4.68
_02528_,4.68
_03707_,4.68
_04216_,4.68
_04224_,4.68
_04558_,4.68
_04733_,4.68
_04804_,4.68
_06004_,4.68
_06087_,4.68
_06377_,4.68
_06411_,4.68
_07000_,4.66
acc\[12\]\[24\],4.66
_00268_,4.6
_01263_,4.6
_02373_,4.6
_04410_,4.6
_05433_,4.6
_00339_,4.58
_00727_,4.58
_00805_,4.58
_02563_,4.58
_04617_,4.58
_05231_,4.58
_05276_,4.58
_06385_,4.58
_01029_,4.56
_01253_,4.56
_01821_,4.56
_02813_,4.56
_03252_,4.56
_04066_,4.56
_04164_,4.56
_04665_,4.56
_04689_,4.56
_05257_,4.56
_05272_,4.56
_06487_,4.56
_06891_,4.56
_07030_,4.56
_00019_,4.54
_00102_,4.54
_00243_,4.54
_00536_,4.54
_04795_,4.54
_00735_,4.51
_00142_,4.48
_01082_,4.48
_01095_,4.48
_01870_,4.48
_02700_,4.48
_03011_,4.48
_03125_,4.48
_03355_,4.48
_03472_,4.48
_03549_,4.48
_04865_,4.48
_04893_,4.48
_05476_,4.48
_05618_,4.48
_05689_,4.48
_00022_,4.46
_00119_,4.46
_00182_,4.46
_00198_,4.46
_00267_,4.46
_00288_,4.46
_00897_,4.46
_01514_,4.46
_01724_,4.46
_01750_,4.46
_01832_,4.46
_01910_,4.46
_02040_,4.46
_02069_,4.46
_02147_,4.46
_03000_,4.46
_03129_,4.46
_03243_,4.46
_03367_,4.46
_03373_,4.46
_04223_,4.46
_04328_,4.46
_04403_,4.46
_04458_,4.46
_04537_,4.46
_04588_,4.46
_04642_,4.46
_04692_,4.46
_04720_,4.46
_04881_,4.46
_05249_,4.46
_05292_,4.46
_05315_,4.46
_05359_,4.46
_05582_,4.46
_05601_,4.46
_05710_,4.46
_05713_,4.46
_05750_,4.46
_05777_,4.46
_05790_,4.46
_05913_,4.46
_05958_,4.46
_06290_,4.46
_06448_,4.46
_06663_,4.46
_06664_,4.46
_06701_,4.46
_06817_,4.46
_06881_,4.46
_06966_,4.46
_06974_,4.46
_07121_,4.46
acc\[12\]\[10\],4.46
acc\[1\]\[6\],4.46
_01333_,4.45
_00513_,4.44
_04928_,4.44
_05779_,4.44
_05781_,4.44
_06893_,4.44
acc\[0\]\[6\],4.44
_00167_,4.42
_00355_,4.42
_00829_,4.42
_01764_,4.42
_02087_,4.42
_02337_,4.42
_03163_,4.42
_03757_,4.42
_04301_,4.42
_04413_,4.42
_04916_,4.42
_05360_,4.42
_06137_,4.42
_06317_,4.42
_06626_,4.42
acc\[14\]\[26\],4.42
_01550_,4.36
_01622_,4.36
_01683_,4.36
_01902_,4.36
_02786_,4.36
_03390_,4.36
_03469_,4.36
_03842_,4.36
_04780_,4.36
_05627_,4.36
_05849_,4.36
_06133_,4.36
_06328_,4.36
_06816_,4.36
_06947_,4.36
_07241_,4.36
_04231_,4.355
_00960_,4.34
_01131_,4.34
_01173_,4.34
_01586_,4.34
_01664_,4.34
_01765_,4.34
_01871_,4.34
_01885_,4.34
_01955_,4.34
_02078_,4.34
_02125_,4.34
_02285_,4.34
_02547_,4.34
_02942_,4.34
_03102_,4.34
_03153_,4.34
_03445_,4.34
_03865_,4.34
_03910_,4.34
_04108_,4.34
_04166_,4.34
_04326_,4.34
_04567_,4.34
_04576_,4.34
_04598_,4.34
_04794_,4.34
_04930_,4.34
_05032_,4.34
_05255_,4.34
_05256_,4.34
_05323_,4.34
_05372_,4.34
_05375_,4.34
_05526_,4.34
_05902_,4.34
_05964_,4.34
_06013_,4.34
_06055_,4.34
_06185_,4.34
_06422_,4.34
_06434_,4.34
_06520_,4.34
_06618_,4.34
_06795_,4.34
_06833_,4.34
_06915_,4.34
_06958_,4.34
_07009_,4.34
_07028_,4.34
_07055_,4.34
_07081_,4.34
_07105_,4.34
_07135_,4.34
acc\[1\]\[14\],4.34
acc\[1\]\[7\],4.34
acc\[2\]\[8\],4.34
acc\[6\]\[8\],4.34
_04215_,4.32
_04909_,4.32
_05742_,4.32
_00608_,4.27
_01920_,4.24
_02277_,4.24
_03415_,4.24
_04441_,4.24
_05449_,4.24
_07218_,4.24
_00071_,4.22
_00091_,4.22
_00132_,4.22
_00630_,4.22
_00823_,4.22
_01425_,4.22
_01560_,4.22
_02085_,4.22
_04162_,4.22
_05309_,4.22
_05344_,4.22
_05631_,4.22
_05703_,4.22
_05989_,4.22
_06274_,4.22
_06783_,4.22
acc\[7\]\[5\],4.22
_04964_,4.2
_00570_,4.17
_00737_,4.15
_00136_,4.145
_00389_,4.145
_01257_,4.14
_01421_,4.14
_01592_,4.14
_03659_,4.14
_04105_,4.14
_04253_,4.14
_04322_,4.14
_04805_,4.14
_05058_,4.14
_05071_,4.14
_05086_,4.14
_05524_,4.14
_05891_,4.14
_06717_,4.14
_07154_,4.14
_00296_,4.12
_05263_,4.12
_05654_,4.12
net61,4.12
net63,4.12
_01588_,4.1
_02732_,4.1
_03389_,4.1
_03471_,4.1
_03615_,4.1
_03818_,4.1
_04000_,4.1
_05469_,4.1
_06322_,4.1
_06982_,4.1
_00074_,4.08
_00255_,4.08
_00624_,4.08
_00644_,4.08
_00755_,4.08
_00815_,4.08
_00673_,4.07
_00809_,4.07
_00602_,4.05
_00987_,4.02
_01856_,4.02
_02612_,4.02
_02846_,4.02
_02934_,4.02
_02999_,4.02
_03175_,4.02
_03209_,4.02
_03316_,4.02
_03346_,4.02
_03380_,4.02
_03481_,4.02
_03663_,4.02
_03732_,4.02
_03764_,4.02
_03841_,4.02
_04017_,4.02
_04130_,4.02
_04217_,4.02
_04294_,4.02
_04397_,4.02
_04640_,4.02
_05816_,4.02
_05821_,4.02
_05859_,4.02
_05978_,4.02
_06724_,4.02
_06763_,4.02
_06957_,4.02
_07208_,4.02
_00065_,4
_00112_,4
_00259_,4
_00273_,4
_00283_,4
_00294_,4
_01267_,4
_01453_,4
_01476_,4
_01535_,4
_01555_,4
_01709_,4
_01785_,4
_02109_,4
_02177_,4
_02326_,4
_02351_,4
_02437_,4
_02479_,4
_02646_,4
_02847_,4
_03038_,4
_03247_,4
_03392_,4
_03479_,4
_03817_,4
_03838_,4
_03881_,4
_04143_,4
_04165_,4
_04476_,4
_04532_,4
_04548_,4
_04659_,4
_04827_,4
_04898_,4
_05029_,4
_05077_,4
_05092_,4
_05199_,4
_05329_,4
_05389_,4
_05411_,4
_05637_,4
_05651_,4
_05655_,4
_05910_,4
_06120_,4
_06129_,4
_06186_,4
_06213_,4
_06366_,4
_06407_,4
_06427_,4
_06444_,4
_06564_,4
_06603_,4
_06624_,4
_06636_,4
_06644_,4
_06825_,4
_06852_,4
_07140_,4
_07157_,4
acc\[14\]\[6\],4
acc\[3\]\[30\],4
acc\[6\]\[6\],4
net17,4
_03648_,3.98
_03855_,3.98
_04686_,3.98
_05846_,3.98
_06012_,3.98
_05768_,3.93
_01916_,3.9
_02200_,3.9
_02500_,3.9
_03021_,3.9
_04741_,3.9
_05000_,3.9
_05675_,3.9
_07073_,3.9
acc\[12\]\[9\],3.9
acc\[13\]\[5\],3.9
acc\[6\]\[29\],3.9
_00597_,3.88
_00914_,3.88
_01055_,3.88
_01207_,3.88
_01244_,3.88
_01595_,3.88
_01630_,3.88
_01890_,3.88
_02068_,3.88
_02112_,3.88
_02120_,3.88
_02238_,3.88
_02250_,3.88
_02306_,3.88
_02354_,3.88
_02419_,3.88
_02487_,3.88
_02531_,3.88
_02948_,3.88
_03290_,3.88
_03338_,3.88
_03646_,3.88
_03829_,3.88
_04040_,3.88
_04052_,3.88
_04061_,3.88
_04269_,3.88
_04371_,3.88
_04388_,3.88
_04468_,3.88
_04593_,3.88
_04718_,3.88
_04725_,3.88
_04726_,3.88
_04824_,3.88
_04835_,3.88
_04840_,3.88
_04906_,3.88
_05060_,3.88
_05204_,3.88
_05301_,3.88
_05303_,3.88
_05335_,3.88
_05346_,3.88
_05399_,3.88
_05473_,3.88
_05569_,3.88
_05576_,3.88
_05671_,3.88
_05680_,3.88
_05712_,3.88
_06042_,3.88
_06273_,3.88
_06337_,3.88
_06369_,3.88
_06438_,3.88
_06469_,3.88
_06483_,3.88
_06686_,3.88
_06774_,3.88
_06859_,3.88
_06950_,3.88
acc\[0\]\[21\],3.88
acc\[2\]\[31\],3.88
acc\[6\]\[31\],3.88
_05988_,3.875
_00942_,3.86
_01329_,3.86
_03138_,3.86
_05352_,3.86
_00410_,3.83
_00617_,3.81
_00833_,3.81
_01092_,3.78
_01456_,3.78
_02935_,3.78
_03568_,3.78
_05094_,3.78
acc\[4\]\[15\],3.78
acc\[5\]\[30\],3.78
_05999_,3.765
_00465_,3.76
_00496_,3.76
_00832_,3.76
_02924_,3.76
_03208_,3.76
_03507_,3.76
_03780_,3.76
_04158_,3.76
_04597_,3.76
_04782_,3.76
_05926_,3.76
_05935_,3.76
_07003_,3.76
_03124_,3.74
_00454_,3.71
_00458_,3.69
_00740_,3.69
_00382_,3.685
_03490_,3.68
_03826_,3.68
_04550_,3.68
_04698_,3.68
_04999_,3.68
_05084_,3.68
_05952_,3.68
_06193_,3.68
_06549_,3.68
_00105_,3.66
_00242_,3.66
_00469_,3.66
_00775_,3.66
_03371_,3.66
_05052_,3.66
_04001_,3.64
_00429_,3.61
_03311_,3.6
_00413_,3.59
_00696_,3.59
_03917_,3.59
_03362_,3.58
_01016_,3.56
_01424_,3.56
_01582_,3.56
_01742_,3.56
_01767_,3.56
_01815_,3.56
_01878_,3.56
_01965_,3.56
_02004_,3.56
_02005_,3.56
_02057_,3.56
_02255_,3.56
_02276_,3.56
_02279_,3.56
_02417_,3.56
_02420_,3.56
_02458_,3.56
_02558_,3.56
_02811_,3.56
_03183_,3.56
_03255_,3.56
_03543_,3.56
_03904_,3.56
_04129_,3.56
_04470_,3.56
_04819_,3.56
_04936_,3.56
_05361_,3.56
_05417_,3.56
_05532_,3.56
_05579_,3.56
_05871_,3.56
_06039_,3.56
_06092_,3.56
_06112_,3.56
_06397_,3.56
_06809_,3.56
_06884_,3.56
_07007_,3.56
_07161_,3.56
_07216_,3.56
_00115_,3.54
_00117_,3.54
_00264_,3.54
_00272_,3.54
_00555_,3.54
_00777_,3.54
_00885_,3.54
_01067_,3.54
_01163_,3.54
_01254_,3.54
_01488_,3.54
_02179_,3.54
_02244_,3.54
_02272_,3.54
_02695_,3.54
_02899_,3.54
_02973_,3.54
_03086_,3.54
_03168_,3.54
_03297_,3.54
_03422_,3.54
_03525_,3.54
_03577_,3.54
_03760_,3.54
_03815_,3.54
_03885_,3.54
_03941_,3.54
_04074_,3.54
_04080_,3.54
_04095_,3.54
_04204_,3.54
_04255_,3.54
_04438_,3.54
_04493_,3.54
_04529_,3.54
_04747_,3.54
_04863_,3.54
_04912_,3.54
_04955_,3.54
_05051_,3.54
_05064_,3.54
_05070_,3.54
_05219_,3.54
_05284_,3.54
_05511_,3.54
_05594_,3.54
_05596_,3.54
_05963_,3.54
_06146_,3.54
_06158_,3.54
_06177_,3.54
_06292_,3.54
_06344_,3.54
_06364_,3.54
_06382_,3.54
_06605_,3.54
_06668_,3.54
_06796_,3.54
_06806_,3.54
_06939_,3.54
_07012_,3.54
_07146_,3.54
acc\[1\]\[13\],3.54
acc\[3\]\[31\],3.54
net69,3.54
_00628_,3.52
_03555_,3.52
_05382_,3.52
acc\[4\]\[13\],3.52
_00633_,3.49
_00690_,3.49
_01847_,3.44
_02715_,3.44
_02874_,3.44
_02964_,3.44
_03550_,3.44
_03570_,3.44
_03664_,3.44
_03810_,3.44
_04146_,3.44
_04694_,3.44
_04715_,3.44
_04756_,3.44
_05076_,3.44
_05845_,3.44
_06068_,3.44
_06245_,3.44
_06986_,3.44
_07059_,3.44
_07127_,3.44
_00870_,3.42
_00934_,3.42
_00991_,3.42
_01134_,3.42
_01356_,3.42
_01403_,3.42
_01654_,3.42
_01861_,3.42
_01934_,3.42
_01947_,3.42
_02088_,3.42
_02142_,3.42
_02503_,3.42
_02596_,3.42
_02630_,3.42
_02814_,3.42
_02867_,3.42
_02880_,3.42
_02976_,3.42
_03369_,3.42
_03611_,3.42
_03633_,3.42
_03637_,3.42
_03742_,3.42
_03875_,3.42
_04315_,3.42
_04434_,3.42
_04546_,3.42
_04590_,3.42
_04606_,3.42
_04630_,3.42
_04776_,3.42
_04940_,3.42
_05160_,3.42
_05246_,3.42
_05287_,3.42
_05354_,3.42
_05367_,3.42
_05436_,3.42
_05513_,3.42
_05685_,3.42
_05702_,3.42
_05807_,3.42
_06130_,3.42
_06553_,3.42
_06658_,3.42
_06863_,3.42
_06889_,3.42
_06898_,3.42
_06938_,3.42
_07100_,3.42
_07134_,3.42
_07141_,3.42
acc\[11\]\[21\],3.42
acc\[7\]\[11\],3.42
_00462_,3.4
_04660_,3.4
_00397_,3.385
_00441_,3.37
_00545_,3.35
_01824_,3.32
_03822_,3.32
_04034_,3.32
_05368_,3.32
_00483_,3.3
_00503_,3.3
_00507_,3.3
_00639_,3.3
_00660_,3.3
_00798_,3.3
_02777_,3.3
_03060_,3.3
_03193_,3.3
_03440_,3.3
_03868_,3.3
_03873_,3.3
_05025_,3.3
_06051_,3.3
_06511_,3.3
acc\[10\]\[6\],3.3
_02796_,3.28
_00588_,3.23
_00186_,3.225
_02099_,3.22
_02156_,3.22
_02167_,3.22
_03701_,3.22
_04552_,3.22
_05003_,3.22
_05139_,3.22
_05268_,3.22
_06904_,3.22
acc\[14\]\[23\],3.22
_00062_,3.2
_00086_,3.2
_00093_,3.2
_00097_,3.2
_00118_,3.2
_00139_,3.2
_00219_,3.2
_00325_,3.2
_00372_,3.2
_00746_,3.2
_01851_,3.2
_03185_,3.2
_00615_,3.18
_03256_,3.18
_03344_,3.18
_04778_,3.18
_06699_,3.18
_04317_,3.175
_00658_,3.15
_00686_,3.13
acc\[6\]\[28\],3.13
_00111_,3.1
_00114_,3.1
_00128_,3.1
_00196_,3.1
_00251_,3.1
_00282_,3.1
_01563_,3.1
_01596_,3.1
_01789_,3.1
_01940_,3.1
_01954_,3.1
_02207_,3.1
_02235_,3.1
_02698_,3.1
_03177_,3.1
_03232_,3.1
_03266_,3.1
_03282_,3.1
_03541_,3.1
_03579_,3.1
_03668_,3.1
_03751_,3.1
_03776_,3.1
_04006_,3.1
_04111_,3.1
_04205_,3.1
_04243_,3.1
_04353_,3.1
_04513_,3.1
_04757_,3.1
_05187_,3.1
_05208_,3.1
_05512_,3.1
_05580_,3.1
_05925_,3.1
_05947_,3.1
_06311_,3.1
_06396_,3.1
_06408_,3.1
_06617_,3.1
_06751_,3.1
_06900_,3.1
_06960_,3.1
_07065_,3.1
_07086_,3.1
_07117_,3.1
_07173_,3.1
_07235_,3.1
acc\[0\]\[13\],3.1
_00004_,3.08
_00033_,3.08
_00141_,3.08
_00238_,3.08
_00396_,3.08
_00890_,3.08
_00954_,3.08
_00986_,3.08
_01195_,3.08
_01368_,3.08
_01497_,3.08
_01503_,3.08
_01619_,3.08
_01730_,3.08
_01794_,3.08
_01891_,3.08
_01917_,3.08
_01950_,3.08
_02022_,3.08
_02132_,3.08
_02343_,3.08
_02447_,3.08
_02508_,3.08
_02714_,3.08
_02871_,3.08
_02907_,3.08
_03069_,3.08
_03154_,3.08
_03213_,3.08
_03358_,3.08
_03536_,3.08
_03610_,3.08
_03939_,3.08
_03989_,3.08
_04119_,3.08
_04222_,3.08
_04227_,3.08
_04349_,3.08
_04361_,3.08
_04382_,3.08
_04535_,3.08
_04543_,3.08
_04854_,3.08
_04875_,3.08
_04888_,3.08
_04986_,3.08
_05127_,3.08
_05141_,3.08
_05409_,3.08
_05500_,3.08
_05574_,3.08
_05743_,3.08
_05806_,3.08
_05852_,3.08
_05961_,3.08
_06015_,3.08
_06109_,3.08
_06160_,3.08
_06357_,3.08
_06545_,3.08
_06575_,3.08
_06650_,3.08
_06726_,3.08
_06735_,3.08
_06800_,3.08
_06836_,3.08
_06875_,3.08
_06929_,3.08
_07113_,3.08
_07149_,3.08
_07162_,3.08
_07190_,3.08
_07201_,3.08
acc\[12\]\[12\],3.08
acc\[12\]\[5\],3.08
acc\[1\]\[24\],3.08
net74,3.08
_00500_,3.03
_00600_,3.03
_00763_,3.03
_01999_,3.01
_02054_,3
_00392_,2.98
_01416_,2.98
_01720_,2.98
_01919_,2.98
_02115_,2.98
_02519_,2.98
_02639_,2.98
_02656_,2.98
_02766_,2.98
_03020_,2.98
_03056_,2.98
_03324_,2.98
_03947_,2.98
_04212_,2.98
_05353_,2.98
_06512_,2.98
_06670_,2.98
_06882_,2.98
_05987_,2.965
_00168_,2.96
_00476_,2.96
_00871_,2.96
_00930_,2.96
_01040_,2.96
_01107_,2.96
_01338_,2.96
_01545_,2.96
_01583_,2.96
_01974_,2.96
_01993_,2.96
_02144_,2.96
_02180_,2.96
_02192_,2.96
_02256_,2.96
_02269_,2.96
_02281_,2.96
_02391_,2.96
_02438_,2.96
_02647_,2.96
_02853_,2.96
_03048_,2.96
_03066_,2.96
_03106_,2.96
_03184_,2.96
_03331_,2.96
_03566_,2.96
_03598_,2.96
_03608_,2.96
_03621_,2.96
_03631_,2.96
_03809_,2.96
_03971_,2.96
_04056_,2.96
_04247_,2.96
_04259_,2.96
_04273_,2.96
_04538_,2.96
_04797_,2.96
_04921_,2.96
_04967_,2.96
_05207_,2.96
_05248_,2.96
_05403_,2.96
_05534_,2.96
_05544_,2.96
_05797_,2.96
_05824_,2.96
_05904_,2.96
_05914_,2.96
_05971_,2.96
_05979_,2.96
_06238_,2.96
_06256_,2.96
_06262_,2.96
_06278_,2.96
_06354_,2.96
_06368_,2.96
_06384_,2.96
_06496_,2.96
_06609_,2.96
_06627_,2.96
_06824_,2.96
_06840_,2.96
_06934_,2.96
_06988_,2.96
_07023_,2.96
_07043_,2.96
_07060_,2.96
_07230_,2.96
net50,2.96
_00106_,2.925
_00508_,2.89
_00542_,2.89
_00626_,2.89
_00721_,2.89
_00762_,2.89
_03554_,2.86
_04373_,2.86
_04584_,2.86
_04968_,2.86
_02349_,2.855
_00157_,2.84
_00176_,2.84
_00402_,2.84
_00407_,2.84
_00411_,2.84
_00435_,2.84
_00455_,2.84
_00482_,2.84
_00488_,2.84
_00490_,2.84
_00499_,2.84
_00523_,2.84
_00527_,2.84
_00564_,2.84
_00576_,2.84
_00579_,2.84
_00580_,2.84
_00609_,2.84
_00641_,2.84
_00651_,2.84
_00656_,2.84
_00662_,2.84
_00674_,2.84
_00679_,2.84
_00683_,2.84
_00698_,2.84
_00703_,2.84
_00704_,2.84
_00711_,2.84
_00716_,2.84
_00720_,2.84
_00725_,2.84
_00728_,2.84
_00752_,2.84
_00760_,2.84
_00774_,2.84
_00783_,2.84
_00797_,2.84
_00808_,2.84
_00830_,2.84
_04655_,2.84
_04132_,2.835
_00416_,2.77
_00100_,2.765
net59,2.765
_01269_,2.76
_01800_,2.76
_02056_,2.76
_02548_,2.76
_02939_,2.76
_03647_,2.76
_04188_,2.76
_04514_,2.76
_04554_,2.76
_04823_,2.76
_05040_,2.76
_05810_,2.76
_06346_,2.76
_06388_,2.76
_06418_,2.76
_07109_,2.76
acc\[12\]\[4\],2.76
acc\[14\]\[21\],2.76
_00138_,2.74
_00156_,2.74
_00162_,2.74
_00200_,2.74
_00204_,2.74
_00331_,2.74
_00369_,2.74
_00427_,2.74
_00487_,2.74
_00745_,2.74
_01593_,2.74
_03360_,2.74
_03890_,2.74
_05423_,2.74
_05673_,2.74
_06106_,2.74
_07048_,2.74
_00415_,2.72
_00655_,2.72
_01448_,2.72
_06890_,2.72
_07035_,2.72
acc\[14\]\[16\],2.72
_04977_,2.7
_05767_,2.7
_00406_,2.69
_00453_,2.69
_00481_,2.69
_00492_,2.69
_00550_,2.69
_00569_,2.69
_00590_,2.69
_00618_,2.69
_00632_,2.69
_00761_,2.69
_00768_,2.69
_00801_,2.69
_04915_,2.67
_04858_,2.66
_05640_,2.65
_01270_,2.64
_01430_,2.64
_01472_,2.64
_01621_,2.64
_01733_,2.64
_01791_,2.64
_02072_,2.64
_02152_,2.64
_02187_,2.64
_02452_,2.64
_02940_,2.64
_03114_,2.64
_03241_,2.64
_03253_,2.64
_03322_,2.64
_03356_,2.64
_03423_,2.64
_03538_,2.64
_03596_,2.64
_03740_,2.64
_03862_,2.64
_03930_,2.64
_04067_,2.64
_04324_,2.64
_04503_,2.64
_04580_,2.64
_04816_,2.64
_05435_,2.64
_05666_,2.64
_06415_,2.64
_06488_,2.64
_06555_,2.64
_06622_,2.64
_06684_,2.64
_06851_,2.64
_07103_,2.64
_07159_,2.64
_07248_,2.64
_00042_,2.62
_00110_,2.62
_00130_,2.62
_00140_,2.62
_00153_,2.62
_00678_,2.62
_00997_,2.62
_01002_,2.62
_01097_,2.62
_01101_,2.62
_01363_,2.62
_01372_,2.62
_01568_,2.62
_01671_,2.62
_01882_,2.62
_01992_,2.62
_02089_,2.62
_02127_,2.62
_02330_,2.62
_02359_,2.62
_02537_,2.62
_02901_,2.62
_03026_,2.62
_03292_,2.62
_03300_,2.62
_03514_,2.62
_03770_,2.62
_03982_,2.62
_03995_,2.62
_04206_,2.62
_04240_,2.62
_04384_,2.62
_04405_,2.62
_04428_,2.62
_04581_,2.62
_04628_,2.62
_04731_,2.62
_04761_,2.62
_04814_,2.62
_04826_,2.62
_05062_,2.62
_05174_,2.62
_05289_,2.62
_05299_,2.62
_05487_,2.62
_05551_,2.62
_05563_,2.62
_05630_,2.62
_05708_,2.62
_05764_,2.62
_05840_,2.62
_05854_,2.62
_05898_,2.62
_05936_,2.62
_05994_,2.62
_06080_,2.62
_06327_,2.62
_06410_,2.62
_06534_,2.62
_06539_,2.62
_06610_,2.62
_06710_,2.62
_06771_,2.62
_06873_,2.62
_06902_,2.62
_06921_,2.62
_06942_,2.62
net55,2.62
_00443_,2.57
_00525_,2.57
_00526_,2.57
_00744_,2.57
_00802_,2.57
_05866_,2.54
_03320_,2.53
_01325_,2.52
_01717_,2.52
_02346_,2.52
_02491_,2.52
_03576_,2.52
_03726_,2.52
_06871_,2.52
_06883_,2.52
_00486_,2.5
_00572_,2.5
_00846_,2.5
_00978_,2.5
_00981_,2.5
_00993_,2.5
_01068_,2.5
_01219_,2.5
_01226_,2.5
_01249_,2.5
_01320_,2.5
_01458_,2.5
_01578_,2.5
_01778_,2.5
_01790_,2.5
_01886_,2.5
_01943_,2.5
_02018_,2.5
_02370_,2.5
_02405_,2.5
_02545_,2.5
_03100_,2.5
_03167_,2.5
_03315_,2.5
_03327_,2.5
_03612_,2.5
_03687_,2.5
_03698_,2.5
_03721_,2.5
_03775_,2.5
_03840_,2.5
_03847_,2.5
_03969_,2.5
_04023_,2.5
_04028_,2.5
_04072_,2.5
_04083_,2.5
_04088_,2.5
_04220_,2.5
_04369_,2.5
_04375_,2.5
_04449_,2.5
_04601_,2.5
_04666_,2.5
_04671_,2.5
_04867_,2.5
_04942_,2.5
_04983_,2.5
_04995_,2.5
_05013_,2.5
_05028_,2.5
_05087_,2.5
_05297_,2.5
_05313_,2.5
_05416_,2.5
_05537_,2.5
_05557_,2.5
_05602_,2.5
_05727_,2.5
_05801_,2.5
_05834_,2.5
_05950_,2.5
_05966_,2.5
_06099_,2.5
_06148_,2.5
_06152_,2.5
_06188_,2.5
_06196_,2.5
_06250_,2.5
_06479_,2.5
_06537_,2.5
_06861_,2.5
_06976_,2.5
_07180_,2.5
_07187_,2.5
acc\[12\]\[31\],2.5
acc\[9\]\[31\],2.5
net14,2.5
_00337_,2.465
_00361_,2.465
_00547_,2.43
_00657_,2.43
_00747_,2.43
_00749_,2.43
_05056_,2.4
_06573_,2.4
_00401_,2.38
_00424_,2.38
_00437_,2.38
_00440_,2.38
_00471_,2.38
_00474_,2.38
_00477_,2.38
_00514_,2.38
_00519_,2.38
_00529_,2.38
_00530_,2.38
_00534_,2.38
_00540_,2.38
_00577_,2.38
_00595_,2.38
_00621_,2.38
_00646_,2.38
_00647_,2.38
_00650_,2.38
_00654_,2.38
_00663_,2.38
_00665_,2.38
_00668_,2.38
_00670_,2.38
_00671_,2.38
_00676_,2.38
_00692_,2.38
_00694_,2.38
_00706_,2.38
_00708_,2.38
_00712_,2.38
_00717_,2.38
_00718_,2.38
_00754_,2.38
_00772_,2.38
_00776_,2.38
_00782_,2.38
_00806_,2.38
_00810_,2.38
_00825_,2.38
_00826_,2.38
_00831_,2.38
_00103_,2.3
_01078_,2.3
_01246_,2.3
_01676_,2.3
_03436_,2.3
_03645_,2.3
_04118_,2.3
_04962_,2.3
_05422_,2.3
_05731_,2.3
_06052_,2.3
_06482_,2.3
_06667_,2.3
_06778_,2.3
_07229_,2.3
acc\[14\]\[18\],2.3
_00120_,2.28
_00295_,2.28
_02385_,2.28
_04849_,2.28
_05539_,2.28
_02216_,2.245
_00412_,2.23
_00420_,2.23
_00425_,2.23
_00430_,2.23
_00436_,2.23
_00450_,2.23
_00451_,2.23
_00461_,2.23
_00464_,2.23
_00467_,2.23
_00479_,2.23
_00480_,2.23
_00489_,2.23
_00494_,2.23
_00498_,2.23
_00501_,2.23
_00504_,2.23
_00505_,2.23
_00510_,2.23
_00521_,2.23
_00528_,2.23
_00532_,2.23
_00533_,2.23
_00537_,2.23
_00541_,2.23
_00546_,2.23
_00549_,2.23
_00552_,2.23
_00557_,2.23
_00561_,2.23
_00562_,2.23
_00571_,2.23
_00573_,2.23
_00574_,2.23
_00575_,2.23
_00582_,2.23
_00585_,2.23
_00596_,2.23
_00598_,2.23
_00603_,2.23
_00606_,2.23
_00610_,2.23
_00611_,2.23
_00612_,2.23
_00613_,2.23
_00619_,2.23
_00620_,2.23
_00622_,2.23
_00631_,2.23
_00635_,2.23
_00637_,2.23
_00638_,2.23
_00645_,2.23
_00649_,2.23
_00653_,2.23
_00661_,2.23
_00669_,2.23
_00675_,2.23
_00689_,2.23
_00693_,2.23
_00695_,2.23
_00697_,2.23
_00701_,2.23
_00705_,2.23
_00710_,2.23
_00715_,2.23
_00719_,2.23
_00729_,2.23
_00730_,2.23
_00734_,2.23
_00742_,2.23
_00743_,2.23
_00751_,2.23
_00753_,2.23
_00756_,2.23
_00758_,2.23
_00764_,2.23
_00766_,2.23
_00767_,2.23
_00769_,2.23
_00770_,2.23
_00773_,2.23
_00779_,2.23
_00780_,2.23
_00791_,2.23
_00795_,2.23
_00799_,2.23
_00800_,2.23
_00813_,2.23
_00818_,2.23
_00827_,2.23
_00444_,2.21
_00491_,2.21
_00502_,2.21
_00605_,2.21
_00738_,2.21
_00757_,2.21
_04509_,2.21
_07133_,2.2
_01400_,2.18
_01438_,2.18
_01542_,2.18
_01646_,2.18
_01668_,2.18
_01686_,2.18
_01711_,2.18
_01754_,2.18
_01898_,2.18
_02204_,2.18
_02227_,2.18
_02362_,2.18
_02517_,2.18
_02822_,2.18
_02947_,2.18
_02955_,2.18
_03113_,2.18
_03225_,2.18
_03303_,2.18
_03307_,2.18
_03463_,2.18
_03522_,2.18
_03606_,2.18
_03703_,2.18
_03710_,2.18
_03720_,2.18
_03790_,2.18
_03843_,2.18
_03870_,2.18
_03914_,2.18
_04043_,2.18
_04154_,2.18
_04201_,2.18
_04335_,2.18
_04425_,2.18
_04435_,2.18
_04469_,2.18
_04517_,2.18
_04680_,2.18
_04704_,2.18
_04766_,2.18
_04944_,2.18
_04951_,2.18
_04992_,2.18
_05006_,2.18
_05016_,2.18
_05033_,2.18
_05075_,2.18
_05078_,2.18
_05184_,2.18
_05203_,2.18
_05237_,2.18
_05350_,2.18
_05456_,2.18
_05482_,2.18
_05495_,2.18
_05496_,2.18
_05728_,2.18
_05861_,2.18
_05940_,2.18
_06104_,2.18
_06123_,2.18
_06323_,2.18
_06342_,2.18
_06378_,2.18
_06401_,2.18
_06646_,2.18
_06676_,2.18
_06741_,2.18
_06757_,2.18
_06792_,2.18
_06820_,2.18
_06849_,2.18
_06876_,2.18
_06944_,2.18
_07036_,2.18
_07240_,2.18
_07243_,2.18
_07245_,2.18
_00426_,2.16
_00449_,2.16
_00495_,2.16
_00497_,2.16
_00625_,2.16
_00681_,2.16
_00863_,2.16
_01177_,2.16
_01314_,2.16
_01330_,2.16
_01516_,2.16
_01624_,2.16
_01706_,2.16
_01899_,2.16
_02195_,2.16
_02267_,2.16
_02314_,2.16
_02318_,2.16
_02392_,2.16
_02489_,2.16
_02706_,2.16
_02843_,2.16
_02956_,2.16
_03108_,2.16
_03245_,2.16
_03372_,2.16
_03421_,2.16
_03444_,2.16
_03747_,2.16
_03820_,2.16
_03944_,2.16
_03952_,2.16
_04048_,2.16
_04098_,2.16
_04100_,2.16
_04184_,2.16
_04191_,2.16
_04208_,2.16
_04234_,2.16
_04248_,2.16
_04249_,2.16
_04572_,2.16
_04607_,2.16
_04769_,2.16
_04786_,2.16
_04806_,2.16
_04836_,2.16
_04891_,2.16
_04979_,2.16
_05024_,2.16
_05043_,2.16
_05046_,2.16
_05173_,2.16
_05195_,2.16
_05320_,2.16
_05349_,2.16
_05356_,2.16
_05377_,2.16
_05385_,2.16
_05390_,2.16
_05668_,2.16
_05813_,2.16
_05876_,2.16
_05899_,2.16
_05983_,2.16
_06036_,2.16
_06073_,2.16
_06107_,2.16
_06119_,2.16
_06309_,2.16
_06335_,2.16
_06345_,2.16
_06485_,2.16
_06491_,2.16
_06556_,2.16
_06607_,2.16
_06620_,2.16
_06814_,2.16
_06838_,2.16
_06842_,2.16
_06844_,2.16
_06853_,2.16
_06955_,2.16
_06963_,2.16
_07246_,2.16
acc\[10\]\[8\],2.16
_07094_,2.135
_05059_,2.12
_01243_,2.06
_02311_,2.06
_02465_,2.06
_02763_,2.06
_02958_,2.06
_03257_,2.06
_03383_,2.06
_03532_,2.06
_03750_,2.06
_03983_,2.06
_05664_,2.06
acc\[6\]\[20\],2.06
_00388_,2.04
_00434_,2.04
_00518_,2.04
_00553_,2.04
_00565_,2.04
_00594_,2.04
_00634_,2.04
_00787_,2.04
_00824_,2.04
_00967_,2.04
_00975_,2.04
_01614_,2.04
_02052_,2.04
_02096_,2.04
_02321_,2.04
_02403_,2.04
_02620_,2.04
_02666_,2.04
_02682_,2.04
_02873_,2.04
_02938_,2.04
_03377_,2.04
_03725_,2.04
_03960_,2.04
_04800_,2.04
_04852_,2.04
_04861_,2.04
_04918_,2.04
_05163_,2.04
_05226_,2.04
_05267_,2.04
_05283_,2.04
_05330_,2.04
_05340_,2.04
_06220_,2.04
_06405_,2.04
_06577_,2.04
_06640_,2.04
_06643_,2.04
_06868_,2.04
_06877_,2.04
_06913_,2.04
_06941_,2.04
_07101_,2.04
_07203_,2.04
_00385_,2.005
_01120_,1.94
_02165_,1.94
_02193_,1.94
_04746_,1.94
_05275_,1.94
_05388_,1.94
_06993_,1.94
_00084_,1.845
_01384_,1.84
_03018_,1.84
_04168_,1.84
_04226_,1.84
_04615_,1.84
_04803_,1.84
_04972_,1.84
_05485_,1.84
_05692_,1.84
_05844_,1.84
_06033_,1.84
_06331_,1.84
_06807_,1.84
acc\[14\]\[10\],1.84
net76,1.84
_00035_,1.82
_00044_,1.82
_00147_,1.82
_00209_,1.82
_00350_,1.82
_00354_,1.82
_00366_,1.82
_00403_,1.82
_00408_,1.82
_00409_,1.82
_00419_,1.82
_00421_,1.82
_00423_,1.82
_00432_,1.82
_00438_,1.82
_00457_,1.82
_00463_,1.82
_00515_,1.82
_00522_,1.82
_00524_,1.82
_00531_,1.82
_00535_,1.82
_00539_,1.82
_00543_,1.82
_00554_,1.82
_00566_,1.82
_00584_,1.82
_00587_,1.82
_00614_,1.82
_00623_,1.82
_00627_,1.82
_00648_,1.82
_00652_,1.82
_00685_,1.82
_00709_,1.82
_00714_,1.82
_00733_,1.82
_00778_,1.82
_00789_,1.82
_00793_,1.82
_00814_,1.82
_00817_,1.82
_00819_,1.82
_00822_,1.82
_00828_,1.82
_02492_,1.82
_03493_,1.82
_05873_,1.82
_06845_,1.82
_07138_,1.82
_00601_,1.75
_00723_,1.75
_00816_,1.75
_01057_,1.72
_01661_,1.72
_01679_,1.72
_02265_,1.72
_02378_,1.72
_03215_,1.72
_03376_,1.72
_03409_,1.72
_03752_,1.72
_03789_,1.72
_03857_,1.72
_03864_,1.72
_04619_,1.72
_04929_,1.72
_04943_,1.72
_04959_,1.72
_05235_,1.72
_06286_,1.72
_04508_,1.71
_00134_,1.7
_00452_,1.7
_00511_,1.7
_00551_,1.7
_01007_,1.7
_01202_,1.7
_01230_,1.7
_01247_,1.7
_01294_,1.7
_01373_,1.7
_01376_,1.7
_01567_,1.7
_01629_,1.7
_01680_,1.7
_01691_,1.7
_01704_,1.7
_01931_,1.7
_01942_,1.7
_02080_,1.7
_02188_,1.7
_02197_,1.7
_02397_,1.7
_02434_,1.7
_02462_,1.7
_02535_,1.7
_02659_,1.7
_02717_,1.7
_03025_,1.7
_03350_,1.7
_03401_,1.7
_03437_,1.7
_03619_,1.7
_03996_,1.7
_04117_,1.7
_04137_,1.7
_04147_,1.7
_04239_,1.7
_04286_,1.7
_04336_,1.7
_04439_,1.7
_04445_,1.7
_04570_,1.7
_04793_,1.7
_04859_,1.7
_05109_,1.7
_05161_,1.7
_05229_,1.7
_05401_,1.7
_05441_,1.7
_05447_,1.7
_05568_,1.7
_05577_,1.7
_05782_,1.7
_05863_,1.7
_05956_,1.7
_06021_,1.7
_06271_,1.7
_06316_,1.7
_06628_,1.7
_06777_,1.7
_06931_,1.7
_07024_,1.7
_07027_,1.7
_07195_,1.7
acc\[5\]\[31\],1.7
_02686_,1.6
_02876_,1.6
_05658_,1.6
_00387_,1.545
_04614_,1.48
_01869_,1.38
_02340_,1.38
_02745_,1.38
_02826_,1.38
_03028_,1.38
_03076_,1.38
_03339_,1.38
_03443_,1.38
_03749_,1.38
_04214_,1.38
_04991_,1.38
_05366_,1.38
_06067_,1.38
_06244_,1.38
_06440_,1.38
_06458_,1.38
_06593_,1.38
_06803_,1.38
_06808_,1.38
_06909_,1.38
_07042_,1.38
acc\[14\]\[17\],1.38
_00165_,1.36
_00184_,1.36
_00345_,1.36
_00414_,1.36
_00418_,1.36
_00422_,1.36
_00431_,1.36
_00433_,1.36
_00442_,1.36
_00445_,1.36
_00446_,1.36
_00447_,1.36
_00459_,1.36
_00460_,1.36
_00468_,1.36
_00470_,1.36
_00473_,1.36
_00478_,1.36
_00484_,1.36
_00506_,1.36
_00512_,1.36
_00516_,1.36
_00517_,1.36
_00538_,1.36
_00548_,1.36
_00558_,1.36
_00563_,1.36
_00567_,1.36
_00568_,1.36
_00578_,1.36
_00583_,1.36
_00586_,1.36
_00589_,1.36
_00592_,1.36
_00636_,1.36
_00666_,1.36
_00667_,1.36
_00680_,1.36
_00687_,1.36
_00699_,1.36
_00726_,1.36
_00731_,1.36
_00736_,1.36
_00739_,1.36
_00741_,1.36
_00750_,1.36
_00788_,1.36
_00803_,1.36
_00807_,1.36
_06864_,1.36
_01122_,1.26
_01214_,1.26
_01273_,1.26
_01360_,1.26
_01502_,1.26
_01536_,1.26
_01732_,1.26
_01849_,1.26
_01873_,1.26
_01966_,1.26
_02143_,1.26
_02190_,1.26
_02292_,1.26
_02339_,1.26
_02375_,1.26
_02395_,1.26
_02439_,1.26
_02475_,1.26
_02533_,1.26
_02618_,1.26
_02774_,1.26
_03008_,1.26
_03087_,1.26
_03233_,1.26
_03353_,1.26
_03387_,1.26
_03402_,1.26
_03406_,1.26
_03617_,1.26
_03623_,1.26
_03682_,1.26
_03744_,1.26
_03798_,1.26
_03854_,1.26
_03860_,1.26
_03887_,1.26
_03896_,1.26
_03923_,1.26
_03946_,1.26
_04128_,1.26
_04175_,1.26
_04218_,1.26
_04230_,1.26
_04363_,1.26
_04392_,1.26
_04486_,1.26
_04496_,1.26
_04612_,1.26
_04634_,1.26
_04685_,1.26
_04821_,1.26
_04839_,1.26
_04848_,1.26
_05308_,1.26
_05438_,1.26
_05462_,1.26
_05636_,1.26
_05814_,1.26
_06070_,1.26
_06150_,1.26
_06210_,1.26
_06242_,1.26
_06285_,1.26
_06356_,1.26
_06531_,1.26
_06675_,1.26
_06721_,1.26
_06830_,1.26
_06834_,1.26
_06862_,1.26
_06987_,1.26
_06996_,1.26
_07064_,1.26
_07233_,1.26
_01872_,1.14
_02521_,1.14
_04241_,1.14
_05504_,1.14
_06113_,1.14
acc\[0\]\[18\],1.14
_02258_,1.02
_01032_,0.92
_01197_,0.92
_01375_,0.92
_01570_,0.92
_01642_,0.92
_02106_,0.92
_02334_,0.92
_02430_,0.92
_02652_,0.92
_02660_,0.92
_02711_,0.92
_02771_,0.92
_03072_,0.92
_03110_,0.92
_03121_,0.92
_03133_,0.92
_03228_,0.92
_03249_,0.92
_03250_,0.92
_03694_,0.92
_03979_,0.92
_04063_,0.92
_04170_,0.92
_04181_,0.92
_04370_,0.92
_04465_,0.92
_04701_,0.92
_04775_,0.92
_04790_,0.92
_04843_,0.92
_05157_,0.92
_05387_,0.92
_05573_,0.92
_06044_,0.92
_06097_,0.92
_06117_,0.92
_06216_,0.92
_06221_,0.92
_06279_,0.92
_06370_,0.92
_06601_,0.92
_06615_,0.92
_06762_,0.92
_07020_,0.92
_07062_,0.92
_07067_,0.92
_07210_,0.92
acc\[0\]\[4\],0.92
_02512_,0.8
_02514_,0.8
_04233_,0.8
_04842_,0.8
_07085_,0.8
acc\[1\]\[10\],0.8
acc\[6\]\[10\],0.8
_04829_,0.48
_01054_,0.46
_01875_,0.46
_02230_,0.46
_02382_,0.46
_02961_,0.46
_03448_,0.46
_03545_,0.46
_03583_,0.46
_04267_,0.46
_04280_,0.46
_04738_,0.46
_04903_,0.46
_05098_,0.46
_05130_,0.46
_05240_,0.46
_05279_,0.46
_05466_,0.46
_05505_,0.46
_06231_,0.46
_06253_,0.46
_06332_,0.46
_06358_,0.46
_06579_,0.46
_06688_,0.46
_06971_,0.46
_06991_,0.46
_07056_,0.46
_07077_,0.46
_07089_,0.46
_07095_,0.46
_07170_,0.46
_07237_,0.46
acc\[10\]\[4\],0.46
acc\[14\]\[13\],0.46
